{"search":{"2":{"title":""},"_multiwidget":1},"content_block_widget":{"2":{"title":"Profile","value":"profile"},"_multiwidget":1},"dahz_post_categories_widget":{"2":{"title":"Categories","select_cat_style":"2","select_cat":"46, 48"},"3":{"title":"Categories","select_cat_style":"2","select_cat":"46, 48"},"_multiwidget":1},"dahz_recent_post_widget":{"2":{"title":"Recent Posts","limit_post_review":"3"},"3":{"title":"Recent Posts","limit_post_review":"3"},"_multiwidget":1},"text":{"1":[],"2":{"title":"About Baklon","text":"Lorem ipsum dolor sit amet, consectetur adipisicing elit, sed do eiusmod tempor incididunt ut labore et dolore magna aliqua. Ut enim ad minim veniam, quis nostrud exercitation ullamco laboris nisi ut aliquip ex ea commodo consequat. Duis aute irure dolor in reprehenderit\r\n\r\n<img class=\"alignnone size-full wp-image-787\" src=\"http:\/\/dahz.daffyhazan.com\/baklon\/wp-content\/uploads\/2018\/09\/signature-min.png\" alt=\"signature-min\" width=\"246\" height=\"71\" \/>","filter":true,"visual":true},"3":{"title":"Subscribe","text":"[contact-form-7 id=\"1999\" title=\"Subscribe Volunteer Footer\"]","filter":true,"visual":true},"_multiwidget":1}}