Donation Form,Donation Amount,Donation Currencies,Donation Level,Donation Date,Donor First Name,Donor Last Name,Company Name,Donor Email,Test Mode,Donation Status,Payment Method,Notes,Address 1,Address 2,City, Zip Code,State,Country
Make a wish Foundation,229,USD,medium,"May 11, 2017 11:21 AM",Vernice,Branwhite,TATA,vbranwhite0@desdev.cn,TRUE,Cancelled,Stripe,"Proin leo odio, porttitor id, consequat in, consequat ut, nulla. Sed accumsan felis. Ut at dolor quis odio consequat varius.",03 Monument Crossing,Cross TSV  School,Houston,99501,Texas,United States
Help a Child,134,EUR,Level 2 Funder,"May 12, 2017 11:21 AM",Erna,Oleksinski,CROMA,eoleksinski1@gravatar.com,TRUE,Cancelled,Paypal,Duis consequat dui nec nisi volutpat eleifend. Donec ut dolor. Morbi vel lectus in quam fringilla rhoncus.,8731 Walton Pass,Behind JJ company,Knoxville,99502,Tennessee,United States
Save the Bees,103,EUR,Level 3 Funder,"May 13, 2017 11:21 AM",Lindsay,Godball,BIG BAZAR,lgodball2@hao123.com,TRUE,Refunded,Offline,In congue. Etiam justo. Etiam pretium iaculis justo.,60030 Evergreen Center,Near TATA hostipal,San Jose,99503,California,United States
Help a Child,105,EUR,Level 3 Funder,"May 14, 2017 11:21 AM",Maxim,Varga,GiveWP,mvarga3@google.es,TRUE,Completed,Paypal,"Aenean fermentum. Donec ut mauris eget massa tempor convallis. Nulla neque libero, convallis eget, eleifend luctus, ultricies eu, nibh.",137 Killdeer Point,,Oklahoma City,99504,Oklahoma,United States
Save the Trees,54,EUR,Level 1 Funder,"May 15, 2017 11:21 AM",Lilah,Graalman,WordImpress,lgraalman4@mapquest.com,FALSE,Pending,Offline,"Nam ultrices, libero non mattis pulvinar, nulla pede ullamcorper augue, a suscipit nulla elit ac nulla. Sed vel enim sit amet nunc viverra dapibus. Nulla suscipit ligula in lacus.",2 Crownhardt Plaza,,Irving,99505,Texas,United States
Salvation Army,151,EUR,Level 2 Funder,"May 16, 2017 11:21 AM",Simone,Butson,,sbutson5@wikispaces.com,FALSE,Pending,Stripe,"Maecenas leo odio, condimentum id, luctus nec, molestie sed, justo. Pellentesque viverra pede ac diam. Cras pellentesque volutpat dui.",66 Lakewood Trail,,Peoria,99506,Illinois,United States
Salvation Army,39,EUR,Level 2 Funder,"May 17, 2017 11:21 AM",Erminie,Normansell,,enormansell6@youtu.be,TRUE,Refunded,Paypal,"Vestibulum ac est lacinia nisi venenatis tristique. Fusce congue, diam id ornare imperdiet, sapien urna pretium nisl, ut volutpat sapien arcu sed augue. Aliquam erat volutpat.",022 Hanson Parkway,,Homestead,99507,Florida,United States
Salvation Army,226,EUR,custom,"May 18, 2017 11:21 AM",Karine,Selwin,,kselwin7@bandcamp.com,FALSE,Pending,Paypal,"Quisque id justo sit amet sapien dignissim vestibulum. Vestibulum ante ipsum primis in faucibus orci luctus et ultrices posuere cubilia Curae; Nulla dapibus dolor vel est. Donec odio justo, sollicitudin ut, suscipit a, feugiat et, eros.",3050 Fisk Crossing,,Kansas City,99508,Missouri,United States
Save the Trees,169,EUR,Level 3 Funder,"May 19, 2017 11:21 AM",Elva,Chicchelli,,echicchelli8@thetimes.co.uk,TRUE,Completed,Paypal,"Quisque porta volutpat erat. Quisque erat eros, viverra eget, congue eget, semper rutrum, nulla. Nunc purus.",53 Commercial Pass,,New York City,99509,New York,United States
Save the Trees,21,EUR,Level 3 Funder,"May 20, 2017 11:21 AM",Eda,Gavaran,CROMA,egavaran9@ehow.com,TRUE,Refunded,Offline,"Curabitur at ipsum ac tellus semper interdum. Mauris ullamcorper purus sit amet nulla. Quisque arcu libero, rutrum ac, lobortis vel, dapibus at, diam.",78460 Northwestern Terrace,,El Paso,99510,Texas,United States
Save the Trees,216,EUR,Level 1 Funder,"May 21, 2017 11:21 AM",Myrlene,Gyrgorwicx,,mgyrgorwicxa@angelfire.com,TRUE,Completed,Stripe,"Praesent blandit. Nam nulla. Integer pede justo, lacinia eget, tincidunt eget, tempus vel, pede.",4 Pierstorff Pass,,Pittsburgh,99511,Pennsylvania,United States
Help a Child,143,EUR,Level 2 Funder,"May 22, 2017 11:21 AM",Edvard,Kitchingman,,ekitchingmanb@pbs.org,TRUE,Pending,Paypal,"Quisque porta volutpat erat. Quisque erat eros, viverra eget, congue eget, semper rutrum, nulla. Nunc purus.",4 Gerald Circle,,Cincinnati,99512,Ohio,United States
Help a Child,201,EUR,Level 2 Funder,"May 23, 2017 11:21 AM",Tedie,Sharpus,,tsharpusc@gov.uk,TRUE,Refunded,Offline,"Sed sagittis. Nam congue, risus semper porta volutpat, quam pede lobortis ligula, sit amet eleifend pede libero quis orci. Nullam molestie nibh in lectus.",9328 Bay Crossing,,Idaho Falls,99513,Idaho,United States
Help a Child,244,EUR,Level 3 Funder,"May 24, 2017 11:21 AM",Alexi,Michie,CROMA,amichied@eepurl.com,TRUE,Cancelled,Offline,"Morbi non lectus. Aliquam sit amet diam in magna bibendum imperdiet. Nullam orci pede, venenatis non, sodales sed, tincidunt eu, felis.",667 Bultman Crossing,,Reading,99514,Pennsylvania,United States
Save the Trees,102,EUR,custom,"May 25, 2017 11:21 AM",Tarah,Millard,,tmillarde@usa.gov,FALSE,Pending,Offline,"Quisque id justo sit amet sapien dignissim vestibulum. Vestibulum ante ipsum primis in faucibus orci luctus et ultrices posuere cubilia Curae; Nulla dapibus dolor vel est. Donec odio justo, sollicitudin ut, suscipit a, feugiat et, eros.",0 Erie Crossing,,Sacramento,99515,California,United States
Save the Bees,176,EUR,custom,"May 26, 2017 11:21 AM",Pincus,Ellett,,pellettf@go.com,TRUE,Refunded,Stripe,,95 Erie Center,,Detroit,99516,Michigan,United States
Salvation Army,110,EUR,Level 3 Funder,"May 27, 2017 11:21 AM",Francisco,Patron,,fpatrong@apache.org,FALSE,Cancelled,Stripe,"Vestibulum ac est lacinia nisi venenatis tristique. Fusce congue, diam id ornare imperdiet, sapien urna pretium nisl, ut volutpat sapien arcu sed augue. Aliquam erat volutpat.",55665 John Wall Plaza,,Shreveport,99517,Louisiana,United States
Save the Trees,141,EUR,Level 2 Funder,"May 28, 2017 11:21 AM",Breanne,Simoneau,,bsimoneauh@home.pl,TRUE,Cancelled,Offline,Aenean lectus. Pellentesque eget nunc. Donec quis orci eget orci vehicula condimentum.,3 Debs Drive,,Brea,99518,California,United States
Make a wish Foundation,59,USD,Level 2 Funder,"May 29, 2017 11:21 AM",Ami,Trembath,WordImpress,atrembathi@oracle.com,FALSE,Completed,Offline,,438 Vera Center,,Peoria,99519,Illinois,United States
Save the Trees,181,EUR,medium,"May 30, 2017 11:21 AM",Elicia,Clubb,,eclubbj@home.pl,FALSE,Completed,Offline,,56331 Bluestem Junction,,Clearwater,99520,Florida,United States
Help a Child,35,EUR,Level 1 Funder,"May 31, 2017 11:21 AM",Karlan,Gabriely,,kgabrielyk@blogtalkradio.com,FALSE,Refunded,Paypal,,01 Tomscot Point,,Madison,99521,Wisconsin,United States
Help a Child,20,EUR,Level 1 Funder,"June 1, 2017 11:21 AM",Luciano,Epelett,,lepelettl@oakley.com,TRUE,Refunded,Offline,,2 Prentice Drive,,Washington,99522,District of Columbia,United States
Make a wish Foundation,131,USD,medium,"June 2, 2017 11:21 AM",Rog,Sedwick,,rsedwickm@skype.com,TRUE,Completed,Stripe,Integer ac leo. Pellentesque ultrices mattis odio. Donec vitae nisi.,4298 Novick Parkway,,Staten Island,99523,New York,United States
Salvation Army,166,EUR,Level 2 Funder,"June 3, 2017 11:21 AM",Denise,Bartolozzi,,dbartolozzin@wired.com,FALSE,Pending,Offline,"Lorem ipsum dolor sit amet, consectetuer adipiscing elit. Proin risus. Praesent lectus.",147 Dunning Terrace,,Albany,99524,New York,United States
Save the Bees,116,EUR,custom,"June 4, 2017 11:21 AM",Vail,Penhallurick,,vpenhalluricko@wikispaces.com,TRUE,Pending,Stripe,Duis aliquam convallis nunc. Proin at turpis a pede posuere nonummy. Integer non velit.,932 Elgar Place,,Flint,99525,Michigan,United States
Help a Child,188,EUR,medium,"June 5, 2017 11:21 AM",Niel,Jedrych,CROMA,njedrychp@wsj.com,FALSE,Refunded,Stripe,,27 Thompson Crossing,,Norfolk,99526,Virginia,United States
Help a Child,56,EUR,Level 2 Funder,"June 6, 2017 11:21 AM",Breanne,Coats,,bcoatsq@kickstarter.com,TRUE,Completed,Offline,Pellentesque at nulla. Suspendisse potenti. Cras in purus eu magna vulputate luctus.,313 Hovde Plaza,,Decatur,99527,Georgia,United States
Save the Trees,67,EUR,Level 2 Funder,"June 7, 2017 11:21 AM",Waldemar,Walework,,wwaleworkr@ftc.gov,TRUE,Cancelled,Paypal,Maecenas ut massa quis augue luctus tincidunt. Nulla mollis molestie lorem. Quisque ut erat.,2273 Hovde Point,,Louisville,99528,Kentucky,United States
Salvation Army,186,EUR,custom,"June 8, 2017 11:21 AM",Flin,Heinzler,,fheinzlers@histats.com,FALSE,Refunded,Paypal,Phasellus sit amet erat. Nulla tempus. Vivamus in felis eu sapien cursus vestibulum.,9 Becker Place,,Naperville,99529,Illinois,United States
Salvation Army,184,EUR,custom,"June 9, 2017 11:21 AM",Cecil,Girardeau,,cgirardeaut@booking.com,TRUE,Cancelled,Stripe,,162 Pankratz Center,,Lees Summit,99530,Missouri,United States
Help a Child,229,EUR,Level 2 Funder,"June 10, 2017 11:21 AM",Ernesta,McArdell,,emcardellu@about.me,FALSE,Completed,Stripe,"Vestibulum quam sapien, varius ut, blandit non, interdum in, ante. Vestibulum ante ipsum primis in faucibus orci luctus et ultrices posuere cubilia Curae; Duis faucibus accumsan odio. Curabitur convallis.",91719 Kedzie Plaza,,Denver,99531,Colorado,United States
Save the Trees,59,EUR,Level 3 Funder,"June 11, 2017 11:21 AM",Jacklyn,Gonnin,,jgonninv@purevolume.com,TRUE,Refunded,Stripe,"Vestibulum ac est lacinia nisi venenatis tristique. Fusce congue, diam id ornare imperdiet, sapien urna pretium nisl, ut volutpat sapien arcu sed augue. Aliquam erat volutpat.",5 Transport Street,,New York City,99532,New York,United States
Salvation Army,191,EUR,Level 1 Funder,"June 12, 2017 11:21 AM",Teddy,Zmitruk,,tzmitrukw@altervista.org,FALSE,Completed,Offline,"Proin leo odio, porttitor id, consequat in, consequat ut, nulla. Sed accumsan felis. Ut at dolor quis odio consequat varius.",53720 Fordem Circle,,Montgomery,99533,Alabama,United States
Help a Child,38,EUR,custom,"June 13, 2017 11:21 AM",Brent,Nuttall,,bnuttallx@adobe.com,TRUE,Refunded,Paypal,"In sagittis dui vel nisl. Duis ac nibh. Fusce lacus purus, aliquet at, feugiat non, pretium quis, lectus.",59 Ruskin Lane,,Washington,99534,District of Columbia,United States
Save the Bees,31,EUR,Level 2 Funder,"June 14, 2017 11:21 AM",Caspar,Whitlock,,cwhitlocky@epa.gov,TRUE,Completed,Offline,"Cras mi pede, malesuada in, imperdiet et, commodo vulputate, justo. In blandit ultrices enim. Lorem ipsum dolor sit amet, consectetuer adipiscing elit.",2227 Red Cloud Plaza,,Springfield,99535,Massachusetts,United States
Make a wish Foundation,141,USD,Level 2 Funder,"June 15, 2017 11:21 AM",Gustav,Blyth,,gblythz@addtoany.com,TRUE,Cancelled,Paypal,Duis consequat dui nec nisi volutpat eleifend. Donec ut dolor. Morbi vel lectus in quam fringilla rhoncus.,29422 Dwight Park,,El Paso,99536,Texas,United States
Save the Bees,193,EUR,custom,"June 16, 2017 11:21 AM",Kylynn,Defrain,WordImpress,kdefrain10@comcast.net,FALSE,Pending,Paypal,,07 Granby Court,,Indianapolis,99537,Indiana,United States
Save the Trees,97,EUR,Level 3 Funder,"June 17, 2017 11:21 AM",Heath,Tuther,,htuther11@globo.com,FALSE,Cancelled,Offline,,68517 Fuller Park,,Huntsville,99538,Alabama,United States
Save the Bees,155,EUR,Level 2 Funder,"June 18, 2017 11:21 AM",Pauly,Paradine,,pparadine12@loc.gov,TRUE,Refunded,Offline,,91459 Bay Lane,,Stockton,99539,California,United States
Save the Bees,169,EUR,Level 3 Funder,"June 19, 2017 11:21 AM",Rolando,Benfell,,rbenfell13@360.cn,FALSE,Pending,Paypal,,89523 Quincy Hill,,Northridge,99540,California,United States
Salvation Army,183,EUR,Level 3 Funder,"June 20, 2017 11:21 AM",Veronike,Smullen,,vsmullen14@ehow.com,FALSE,Completed,Stripe,,86330 Northport Trail,,Detroit,99541,Michigan,United States
Make a wish Foundation,99,USD,custom,"June 21, 2017 11:21 AM",Adrianne,Phelipeau,BIG BAZAR,aphelipeau15@ovh.net,FALSE,Completed,Paypal,Aenean lectus. Pellentesque eget nunc. Donec quis orci eget orci vehicula condimentum.,04963 Mayer Way,,Washington,99542,District of Columbia,United States
Save the Trees,159,EUR,Level 2 Funder,"June 22, 2017 11:21 AM",Tania,Henker,,thenker16@bravesites.com,FALSE,Cancelled,Stripe,"In hac habitasse platea dictumst. Morbi vestibulum, velit id pretium iaculis, diam erat fermentum justo, nec condimentum neque sapien placerat ante. Nulla justo.",091 Homewood Crossing,,Salt Lake City,99543,Utah,United States
Make a wish Foundation,36,USD,custom,"June 23, 2017 11:21 AM",Carley,Macoun,,cmacoun17@hubpages.com,TRUE,Refunded,Paypal,"Morbi porttitor lorem id ligula. Suspendisse ornare consequat lectus. In est risus, auctor sed, tristique in, tempus sit amet, sem.",1 Cascade Pass,,Vancouver,99544,Washington,United States
Salvation Army,196,EUR,Level 2 Funder,"June 24, 2017 11:21 AM",Armando,Edland,,aedland18@cisco.com,FALSE,Pending,Offline,"Proin eu mi. Nulla ac enim. In tempor, turpis nec euismod scelerisque, quam turpis adipiscing lorem, vitae mattis nibh ligula nec sem.",6754 Mariners Cove Point,,Tacoma,99545,Washington,United States
Save the Trees,211,EUR,Level 1 Funder,"June 25, 2017 11:21 AM",Abey,Bruce,,abruce19@globo.com,TRUE,Pending,Offline,"Duis bibendum, felis sed interdum venenatis, turpis enim blandit mi, in porttitor pede justo eu massa. Donec dapibus. Duis at velit eu est congue elementum.",58492 Dovetail Place,,Lubbock,99546,Texas,United States
Save the Trees,54,EUR,Level 1 Funder,"June 26, 2017 11:21 AM",Brianne,Kopp,CROMA,bkopp1a@163.com,FALSE,Cancelled,Offline,Sed ante. Vivamus tortor. Duis mattis egestas metus.,6496 Independence Avenue,,Des Moines,99547,Iowa,United States
Help a Child,86,EUR,medium,"June 27, 2017 11:21 AM",Gauthier,Truelock,,gtruelock1b@shop-pro.jp,TRUE,Completed,Stripe,"Proin leo odio, porttitor id, consequat in, consequat ut, nulla. Sed accumsan felis. Ut at dolor quis odio consequat varius.",27 Mifflin Court,,Valdosta,99548,Georgia,United States
Save the Bees,172,EUR,Level 3 Funder,"June 28, 2017 11:21 AM",Chas,Tunn,,ctunn1c@si.edu,TRUE,Completed,Paypal,"Cum sociis natoque penatibus et magnis dis parturient montes, nascetur ridiculus mus. Vivamus vestibulum sagittis sapien. Cum sociis natoque penatibus et magnis dis parturient montes, nascetur ridiculus mus.",28 Sage Trail,,Raleigh,99549,North Carolina,United States
Save the Trees,149,EUR,medium,"June 29, 2017 11:21 AM",Elita,Yter,,eyter1d@thetimes.co.uk,FALSE,Cancelled,Paypal,"Curabitur at ipsum ac tellus semper interdum. Mauris ullamcorper purus sit amet nulla. Quisque arcu libero, rutrum ac, lobortis vel, dapibus at, diam.",7611 Russell Alley,,Vancouver,99550,Washington,United States
Save the Trees,178,EUR,Level 1 Funder,"June 30, 2017 11:21 AM",Sandye,Gillivrie,,sgillivrie1e@phpbb.com,TRUE,Completed,Offline,"Vestibulum quam sapien, varius ut, blandit non, interdum in, ante. Vestibulum ante ipsum primis in faucibus orci luctus et ultrices posuere cubilia Curae; Duis faucibus accumsan odio. Curabitur convallis.",97733 Tennessee Crossing,,San Antonio,99551,Texas,United States
Save the Bees,51,EUR,medium,"July 1, 2017 11:21 AM",Tiphanie,Mursell,,tmursell1f@facebook.com,FALSE,Pending,Offline,Aliquam quis turpis eget elit sodales scelerisque. Mauris sit amet eros. Suspendisse accumsan tortor quis turpis.,27 Sullivan Center,,Greensboro,99552,North Carolina,United States
Save the Trees,62,EUR,Level 1 Funder,"July 2, 2017 11:21 AM",Petra,Sylvaine,,psylvaine1g@nydailynews.com,TRUE,Refunded,Offline,"Vestibulum quam sapien, varius ut, blandit non, interdum in, ante. Vestibulum ante ipsum primis in faucibus orci luctus et ultrices posuere cubilia Curae; Duis faucibus accumsan odio. Curabitur convallis.",26689 Commercial Circle,,Sacramento,99553,California,United States
Make a wish Foundation,215,USD,Level 3 Funder,"July 3, 2017 11:21 AM",Cecilla,Tregian,WordImpress,ctregian1h@google.ru,FALSE,Completed,Offline,,684 Mariners Cove Road,,Houston,99554,Texas,United States
Help a Child,225,EUR,Level 3 Funder,"July 4, 2017 11:21 AM",Erv,Dockrell,,edockrell1i@networkadvertising.org,FALSE,Cancelled,Offline,,38 Daystar Terrace,,El Paso,99555,Texas,United States
Save the Trees,218,EUR,Level 2 Funder,"July 5, 2017 11:21 AM",Shay,Goade,,sgoade1j@delicious.com,TRUE,Completed,Paypal,,849 Holy Cross Center,,Houston,99556,Texas,United States
Save the Bees,200,EUR,Level 3 Funder,"July 6, 2017 11:21 AM",Tatum,Morstatt,,tmorstatt1k@printfriendly.com,FALSE,Refunded,Stripe,,4763 Ludington Avenue,,Long Beach,99557,California,United States
Save the Trees,200,EUR,medium,"July 7, 2017 11:21 AM",Alanson,Curl,,acurl1l@vinaora.com,TRUE,Cancelled,Stripe,,491 Nobel Avenue,,Waco,99558,Texas,United States
Save the Trees,214,EUR,medium,"July 8, 2017 11:21 AM",Arnaldo,Raspin,TATA,araspin1m@xinhuanet.com,FALSE,Refunded,Offline,,36 Montana Circle,,Baltimore,99559,Maryland,United States
Salvation Army,151,EUR,custom,"July 9, 2017 11:21 AM",Gennifer,Foskett,,gfoskett1n@unc.edu,TRUE,Refunded,Offline,"Aenean fermentum. Donec ut mauris eget massa tempor convallis. Nulla neque libero, convallis eget, eleifend luctus, ultricies eu, nibh.",891 Old Gate Circle,,El Paso,99560,Texas,United States
Salvation Army,250,EUR,medium,"July 10, 2017 11:21 AM",Winifred,Doreward,,wdoreward1o@geocities.com,FALSE,Pending,Stripe,"Quisque id justo sit amet sapien dignissim vestibulum. Vestibulum ante ipsum primis in faucibus orci luctus et ultrices posuere cubilia Curae; Nulla dapibus dolor vel est. Donec odio justo, sollicitudin ut, suscipit a, feugiat et, eros.",16 Caliangt Hill,,Charlotte,99561,North Carolina,United States
Help a Child,129,EUR,custom,"July 11, 2017 11:21 AM",Thom,Motto,,tmotto1p@cdc.gov,FALSE,Pending,Offline,"Vestibulum ac est lacinia nisi venenatis tristique. Fusce congue, diam id ornare imperdiet, sapien urna pretium nisl, ut volutpat sapien arcu sed augue. Aliquam erat volutpat.",37 Hermina Crossing,,Norwalk,99562,Connecticut,United States
Make a wish Foundation,77,USD,Level 2 Funder,"July 12, 2017 11:21 AM",Verina,Farnall,,vfarnall1q@umich.edu,FALSE,Refunded,Paypal,Nullam sit amet turpis elementum ligula vehicula consequat. Morbi a ipsum. Integer a nibh.,298 Mifflin Trail,,San Diego,99563,California,United States
Make a wish Foundation,85,USD,Level 2 Funder,"July 13, 2017 11:21 AM",Emanuele,O'Lenane,,eolenane1r@weebly.com,FALSE,Pending,Offline,In congue. Etiam justo. Etiam pretium iaculis justo.,6937 Derek Pass,,Akron,99564,Ohio,United States
Make a wish Foundation,89,USD,Level 2 Funder,"July 14, 2017 11:21 AM",Moses,Pitkeathley,,mpitkeathley1s@intel.com,TRUE,Refunded,Paypal,"Vestibulum ac est lacinia nisi venenatis tristique. Fusce congue, diam id ornare imperdiet, sapien urna pretium nisl, ut volutpat sapien arcu sed augue. Aliquam erat volutpat.",8 Gale Avenue,,New Orleans,99565,Louisiana,United States
Save the Bees,131,EUR,Level 1 Funder,"July 15, 2017 11:21 AM",Broderick,Dombrell,,bdombrell1t@elpais.com,TRUE,Cancelled,Stripe,"Lorem ipsum dolor sit amet, consectetuer adipiscing elit. Proin risus. Praesent lectus.",58195 Dapin Crossing,,Baton Rouge,99566,Louisiana,United States
Salvation Army,247,EUR,medium,"July 16, 2017 11:21 AM",Timotheus,Bignold,CROMA,tbignold1u@topsy.com,TRUE,Refunded,Offline,"Maecenas leo odio, condimentum id, luctus nec, molestie sed, justo. Pellentesque viverra pede ac diam. Cras pellentesque volutpat dui.",96620 Calypso Crossing,,Tacoma,99567,Washington,United States
Salvation Army,89,EUR,custom,"July 17, 2017 11:21 AM",Arabella,Aizic,,aaizic1v@quantcast.com,FALSE,Refunded,Paypal,,4 Straubel Pass,,Terre Haute,99568,Indiana,United States
Salvation Army,160,EUR,custom,"July 18, 2017 11:21 AM",Ettie,Yegorshin,,eyegorshin1w@buzzfeed.com,FALSE,Completed,Offline,,20469 Mariners Cove Pass,,Tyler,99569,Texas,United States
Help a Child,34,EUR,Level 1 Funder,"July 19, 2017 11:21 AM",Davida,Over,,dover1x@mail.ru,TRUE,Pending,Paypal,,96 Ramsey Point,,Waterbury,99570,Connecticut,United States
Help a Child,89,EUR,Level 1 Funder,"July 20, 2017 11:21 AM",Dominica,Albisser,,dalbisser1y@psu.edu,FALSE,Completed,Paypal,"Proin interdum mauris non ligula pellentesque ultrices. Phasellus id sapien in sapien iaculis congue. Vivamus metus arcu, adipiscing molestie, hendrerit at, vulputate vitae, nisl.",62603 Bultman Street,,Atlanta,99571,Georgia,United States
Make a wish Foundation,117,USD,Level 1 Funder,"July 21, 2017 11:21 AM",Phineas,Pree,,ppree1z@naver.com,FALSE,Refunded,Paypal,"Maecenas tristique, est et tempus semper, est quam pharetra magna, ac consequat metus sapien ut nunc. Vestibulum ante ipsum primis in faucibus orci luctus et ultrices posuere cubilia Curae; Mauris viverra diam vitae quam. Suspendisse potenti.",4 Arapahoe Trail,,Crawfordsville,99572,Indiana,United States
Help a Child,64,EUR,Level 1 Funder,"July 22, 2017 11:21 AM",Silvana,Trevorrow,BIG BAZAR,strevorrow20@netlog.com,FALSE,Refunded,Paypal,Etiam vel augue. Vestibulum rutrum rutrum neque. Aenean auctor gravida sem.,697 Lunder Drive,,Washington,99573,District of Columbia,United States
Save the Trees,99,EUR,Level 2 Funder,"July 23, 2017 11:21 AM",Bianca,Wheaton,,bwheaton21@4shared.com,FALSE,Refunded,Offline,,60683 Lawn Parkway,,Sioux City,99574,Iowa,United States
Save the Bees,159,EUR,Level 1 Funder,"July 24, 2017 11:21 AM",Claudianus,Adolfson,,cadolfson22@sina.com.cn,TRUE,Completed,Offline,Phasellus in felis. Donec semper sapien a libero. Nam dui.,36 Little Fleur Pass,,Vienna,99575,Virginia,United States
Save the Trees,133,EUR,Level 1 Funder,"July 25, 2017 11:21 AM",Swen,Wiggett,,swiggett23@rambler.ru,FALSE,Completed,Paypal,"Morbi porttitor lorem id ligula. Suspendisse ornare consequat lectus. In est risus, auctor sed, tristique in, tempus sit amet, sem.",3734 Memorial Avenue,,Carol Stream,99576,Illinois,United States
Salvation Army,217,EUR,medium,"July 26, 2017 11:21 AM",Meggi,Pyett,,mpyett24@google.ru,FALSE,Pending,Stripe,Nullam sit amet turpis elementum ligula vehicula consequat. Morbi a ipsum. Integer a nibh.,81 Clyde Gallagher Road,,Tucson,99577,Arizona,United States
Save the Bees,33,EUR,medium,"July 27, 2017 11:21 AM",Phedra,Sowley,,psowley25@vk.com,FALSE,Pending,Offline,"Proin interdum mauris non ligula pellentesque ultrices. Phasellus id sapien in sapien iaculis congue. Vivamus metus arcu, adipiscing molestie, hendrerit at, vulputate vitae, nisl.",65 Thackeray Lane,,Valley Forge,99578,Pennsylvania,United States
Salvation Army,117,EUR,Level 1 Funder,"July 28, 2017 11:21 AM",Colby,Thormann,,cthormann26@spotify.com,TRUE,Cancelled,Paypal,Integer tincidunt ante vel ipsum. Praesent blandit lacinia erat. Vestibulum sed magna at nunc commodo placerat.,293 Briar Crest Avenue,,Paterson,99579,New Jersey,United States
Make a wish Foundation,40,USD,Level 1 Funder,"July 29, 2017 11:21 AM",Aindrea,Bills,,abills27@house.gov,FALSE,Refunded,Stripe,Cras non velit nec nisi vulputate nonummy. Maecenas tincidunt lacus at velit. Vivamus vel nulla eget eros elementum pellentesque.,0 Sachtjen Alley,,Amarillo,99580,Texas,United States
Save the Trees,38,EUR,Level 3 Funder,"July 30, 2017 11:21 AM",Caril,Rassmann,,crassmann28@artisteer.com,FALSE,Refunded,Offline,,9 Meadow Ridge Park,,Salt Lake City,99581,Utah,United States
Salvation Army,105,EUR,Level 3 Funder,"July 31, 2017 11:21 AM",Charissa,Ogborne,,cogborne29@comcast.net,FALSE,Cancelled,Stripe,"Maecenas leo odio, condimentum id, luctus nec, molestie sed, justo. Pellentesque viverra pede ac diam. Cras pellentesque volutpat dui.",1 Northfield Street,,Denver,99582,Colorado,United States
Salvation Army,160,EUR,custom,"August 1, 2017 11:21 AM",Edmon,Huie,WordImpress,ehuie2a@sun.com,FALSE,Completed,Stripe,,44 Rusk Trail,,Birmingham,99583,Alabama,United States
Help a Child,82,EUR,Level 1 Funder,"August 2, 2017 11:21 AM",Jinny,Iston,,jiston2b@yahoo.com,FALSE,Pending,Offline,,75719 American Ash Crossing,,Detroit,99584,Michigan,United States
Help a Child,195,EUR,custom,"August 3, 2017 11:21 AM",Cherilynn,Doxey,,cdoxey2c@google.nl,TRUE,Pending,Offline,Nullam porttitor lacus at turpis. Donec posuere metus vitae ipsum. Aliquam non mauris.,167 Oxford Way,,Jacksonville,99585,Florida,United States
Save the Bees,194,EUR,Level 3 Funder,"August 4, 2017 11:21 AM",Arthur,Hawker,,ahawker2d@independent.co.uk,FALSE,Completed,Stripe,"Quisque porta volutpat erat. Quisque erat eros, viverra eget, congue eget, semper rutrum, nulla. Nunc purus.",900 Ilene Pass,,Albuquerque,99586,New Mexico,United States
Make a wish Foundation,60,USD,Level 1 Funder,"August 5, 2017 11:21 AM",Burt,Hendrix,,bhendrix2e@so-net.ne.jp,FALSE,Pending,Paypal,"Aenean fermentum. Donec ut mauris eget massa tempor convallis. Nulla neque libero, convallis eget, eleifend luctus, ultricies eu, nibh.",1 Drewry Avenue,,Washington,99587,District of Columbia,United States
Save the Bees,69,EUR,Level 3 Funder,"August 6, 2017 11:21 AM",Aleta,Gullivent,CROMA,agullivent2f@acquirethisname.com,TRUE,Cancelled,Stripe,Nulla ut erat id mauris vulputate elementum. Nullam varius. Nulla facilisi.,8184 Sycamore Lane,,Irvine,99588,California,United States
Make a wish Foundation,228,USD,custom,"August 7, 2017 11:21 AM",Terrijo,Pillington,,tpillington2g@cloudflare.com,FALSE,Pending,Stripe,Aenean lectus. Pellentesque eget nunc. Donec quis orci eget orci vehicula condimentum.,433 Katie Parkway,,Boise,99589,Idaho,United States
Salvation Army,200,EUR,Level 3 Funder,"August 8, 2017 11:21 AM",Donny,Birney,,dbirney2h@sun.com,TRUE,Refunded,Paypal,"Vestibulum ac est lacinia nisi venenatis tristique. Fusce congue, diam id ornare imperdiet, sapien urna pretium nisl, ut volutpat sapien arcu sed augue. Aliquam erat volutpat.",4 Marquette Trail,,Springfield,99590,Missouri,United States
Make a wish Foundation,88,USD,Level 3 Funder,"August 9, 2017 11:21 AM",Reinwald,Rubberts,,rrubberts2i@tumblr.com,FALSE,Refunded,Stripe,"Maecenas leo odio, condimentum id, luctus nec, molestie sed, justo. Pellentesque viverra pede ac diam. Cras pellentesque volutpat dui.",513 Esch Park,,Dayton,99591,Ohio,United States
Salvation Army,189,EUR,Level 2 Funder,"August 10, 2017 11:21 AM",Rudolfo,Georgeon,,rgeorgeon2j@dyndns.org,FALSE,Refunded,Stripe,In congue. Etiam justo. Etiam pretium iaculis justo.,725 Karstens Circle,,Chesapeake,99592,Virginia,United States
Save the Bees,220,EUR,custom,"August 11, 2017 11:21 AM",Adela,Vicent,,avicent2k@printfriendly.com,FALSE,Pending,Offline,In hac habitasse platea dictumst. Etiam faucibus cursus urna. Ut tellus.,257 Grover Avenue,,Rochester,99593,New York,United States
Salvation Army,223,EUR,medium,"August 12, 2017 11:21 AM",Minni,Jarratt,,mjarratt2l@comcast.net,FALSE,Completed,Paypal,"Proin leo odio, porttitor id, consequat in, consequat ut, nulla. Sed accumsan felis. Ut at dolor quis odio consequat varius.",7913 Utah Terrace,,Marietta,99594,Georgia,United States
Make a wish Foundation,221,USD,custom,"August 13, 2017 11:21 AM",Juliet,Chupin,,jchupin2m@alibaba.com,TRUE,Pending,Stripe,,813 Lyons Junction,,Kansas City,99595,Missouri,United States
Save the Bees,191,EUR,custom,"August 14, 2017 11:21 AM",Sandy,Picford,,spicford2n@va.gov,FALSE,Refunded,Stripe,Integer ac leo. Pellentesque ultrices mattis odio. Donec vitae nisi.,962 Springview Street,,Stamford,99596,Connecticut,United States
Salvation Army,199,EUR,medium,"August 15, 2017 11:21 AM",Kiri,Demangeot,,kdemangeot2o@github.io,FALSE,Pending,Stripe,,2 Brickson Park Trail,,Raleigh,99597,North Carolina,United States
Make a wish Foundation,29,USD,custom,"August 16, 2017 11:21 AM",Hewitt,Dorrins,BIG BAZAR,hdorrins2p@geocities.jp,FALSE,Pending,Offline,"Praesent blandit. Nam nulla. Integer pede justo, lacinia eget, tincidunt eget, tempus vel, pede.",3 Heath Circle,,West Hartford,99598,Connecticut,United States
Save the Bees,191,EUR,Level 1 Funder,"August 17, 2017 11:21 AM",Ulrica,Rulf,,urulf2q@amazon.co.jp,FALSE,Completed,Offline,In congue. Etiam justo. Etiam pretium iaculis justo.,3 Atwood Terrace,,San Francisco,99599,California,United States
Make a wish Foundation,227,USD,custom,"August 18, 2017 11:21 AM",Dosi,Awmack,,dawmack2r@163.com,TRUE,Pending,Offline,Phasellus sit amet erat. Nulla tempus. Vivamus in felis eu sapien cursus vestibulum.,73940 Nevada Trail,,Shawnee Mission,99600,Kansas,United States
Save the Trees,227,EUR,medium,"August 19, 2017 11:21 AM",Marlyn,Boyford,,mboyford2s@hibu.com,FALSE,Pending,Stripe,"Maecenas leo odio, condimentum id, luctus nec, molestie sed, justo. Pellentesque viverra pede ac diam. Cras pellentesque volutpat dui.",63 Clove Plaza,,Tucson,99601,Arizona,United States
Make a wish Foundation,47,USD,custom,"August 20, 2017 11:21 AM",Micaela,Abdie,,mabdie2t@over-blog.com,FALSE,Refunded,Offline,"Fusce posuere felis sed lacus. Morbi sem mauris, laoreet ut, rhoncus aliquet, pulvinar sed, nisl. Nunc rhoncus dui vel sem.",6 Fieldstone Terrace,,Birmingham,99602,Alabama,United States
Save the Trees,110,EUR,custom,"August 21, 2017 11:21 AM",Kaycee,Poulsom,,kpoulsom2u@theguardian.com,TRUE,Completed,Offline,Duis bibendum. Morbi non quam nec dui luctus rutrum. Nulla tellus.,7161 Eliot Court,,Allentown,99603,Pennsylvania,United States
Save the Trees,41,EUR,Level 3 Funder,"August 22, 2017 11:21 AM",Hagan,Weild,WordImpress,hweild2v@nature.com,TRUE,Refunded,Stripe,"Nam ultrices, libero non mattis pulvinar, nulla pede ullamcorper augue, a suscipit nulla elit ac nulla. Sed vel enim sit amet nunc viverra dapibus. Nulla suscipit ligula in lacus.",892 Division Point,,Mobile,99604,Alabama,United States
Help a Child,46,EUR,custom,"August 23, 2017 11:21 AM",Agace,Adamczewski,,aadamczewski2w@smugmug.com,FALSE,Pending,Paypal,,836 Oneill Place,,Baton Rouge,99605,Louisiana,United States
Help a Child,65,EUR,Level 3 Funder,"August 24, 2017 11:21 AM",Patin,Kornyshev,,pkornyshev2x@mail.ru,TRUE,Completed,Offline,"Nam ultrices, libero non mattis pulvinar, nulla pede ullamcorper augue, a suscipit nulla elit ac nulla. Sed vel enim sit amet nunc viverra dapibus. Nulla suscipit ligula in lacus.",9 Kedzie Center,,Boston,99606,Massachusetts,United States
Help a Child,206,EUR,Level 1 Funder,"August 25, 2017 11:21 AM",Lev,Querree,,lquerree2y@slideshare.net,FALSE,Cancelled,Offline,"Vestibulum ac est lacinia nisi venenatis tristique. Fusce congue, diam id ornare imperdiet, sapien urna pretium nisl, ut volutpat sapien arcu sed augue. Aliquam erat volutpat.",02867 American Ash Place,,Van Nuys,99607,California,United States
Salvation Army,139,EUR,Level 3 Funder,"August 26, 2017 11:21 AM",Drud,Spadoni,,dspadoni2z@livejournal.com,FALSE,Completed,Stripe,Pellentesque at nulla. Suspendisse potenti. Cras in purus eu magna vulputate luctus.,640 Utah Place,,Springfield,99608,Illinois,United States
Help a Child,70,EUR,Level 1 Funder,"August 27, 2017 11:21 AM",Raynor,Coop,CROMA,rcoop30@last.fm,FALSE,Refunded,Paypal,"Curabitur in libero ut massa volutpat convallis. Morbi odio odio, elementum eu, interdum eu, tincidunt in, leo. Maecenas pulvinar lobortis est.",74 Jana Point,,Warren,99609,Ohio,United States
Make a wish Foundation,146,USD,Level 2 Funder,"August 28, 2017 11:21 AM",Nancee,Brittian,,nbrittian31@biblegateway.com,FALSE,Completed,Stripe,"Curabitur at ipsum ac tellus semper interdum. Mauris ullamcorper purus sit amet nulla. Quisque arcu libero, rutrum ac, lobortis vel, dapibus at, diam.",60389 Bowman Park,,Clearwater,99610,Florida,United States
Help a Child,54,EUR,custom,"August 29, 2017 11:21 AM",Kakalina,Sugars,,ksugars32@wsj.com,TRUE,Pending,Paypal,Nullam porttitor lacus at turpis. Donec posuere metus vitae ipsum. Aliquam non mauris.,564 Kensington Plaza,,Alexandria,99611,Virginia,United States
Save the Trees,64,EUR,Level 2 Funder,"August 30, 2017 11:21 AM",Tye,Dzeniskevich,,tdzeniskevich33@example.com,TRUE,Pending,Paypal,Fusce consequat. Nulla nisl. Nunc nisl.,9 Montana Lane,,San Jose,99612,California,United States
Save the Bees,132,EUR,custom,"August 31, 2017 11:21 AM",Abby,Castiello,,acastiello34@nsw.gov.au,TRUE,Completed,Offline,"Mauris enim leo, rhoncus sed, vestibulum sit amet, cursus id, turpis. Integer aliquet, massa id lobortis convallis, tortor risus dapibus augue, vel accumsan tellus nisi eu orci. Mauris lacinia sapien quis libero.",5017 Westport Terrace,,Newark,99613,New Jersey,United States
Help a Child,113,EUR,custom,"September 1, 2017 11:21 AM",Reidar,Jachimak,,rjachimak35@shutterfly.com,TRUE,Cancelled,Paypal,Phasellus in felis. Donec semper sapien a libero. Nam dui.,592 Corben Trail,,Mobile,99614,Alabama,United States
Make a wish Foundation,111,USD,Level 3 Funder,"September 2, 2017 11:21 AM",Alfons,Bendix,TATA,abendix36@sitemeter.com,TRUE,Refunded,Offline,,2494 Huxley Street,,Toledo,99615,Ohio,United States
Make a wish Foundation,82,USD,custom,"September 3, 2017 11:21 AM",Ofelia,Henniger,,ohenniger37@nbcnews.com,FALSE,Completed,Offline,,31484 Grayhawk Parkway,,Birmingham,99616,Alabama,United States
Save the Trees,237,EUR,medium,"September 4, 2017 11:21 AM",Terrijo,Cadd,,tcadd38@engadget.com,TRUE,Refunded,Stripe,,566 Columbus Trail,,Hicksville,99617,New York,United States
Make a wish Foundation,248,USD,Level 3 Funder,"September 5, 2017 11:21 AM",Elena,Rowatt,BIG BAZAR,erowatt39@newsvine.com,TRUE,Cancelled,Stripe,,61 Rigney Circle,,Gainesville,99618,Georgia,United States
Save the Bees,166,EUR,Level 1 Funder,"September 6, 2017 11:21 AM",Town,Ullrich,,tullrich3a@fc2.com,FALSE,Cancelled,Paypal,"Maecenas tristique, est et tempus semper, est quam pharetra magna, ac consequat metus sapien ut nunc. Vestibulum ante ipsum primis in faucibus orci luctus et ultrices posuere cubilia Curae; Mauris viverra diam vitae quam. Suspendisse potenti.",16861 Westridge Pass,,Sacramento,99619,California,United States
Save the Trees,94,EUR,Level 2 Funder,"September 7, 2017 11:21 AM",Kathie,Le Grys,,klegrys3b@xing.com,FALSE,Cancelled,Stripe,"Proin leo odio, porttitor id, consequat in, consequat ut, nulla. Sed accumsan felis. Ut at dolor quis odio consequat varius.",97 Talmadge Hill,,El Paso,99620,Texas,United States
Salvation Army,59,EUR,Level 1 Funder,"September 8, 2017 11:21 AM",Kip,Frost,,kfrost3c@sakura.ne.jp,TRUE,Cancelled,Paypal,Sed ante. Vivamus tortor. Duis mattis egestas metus.,37637 Straubel Trail,,Macon,99621,Georgia,United States
Help a Child,186,EUR,Level 3 Funder,"September 9, 2017 11:21 AM",Jacquetta,Nanninini,,jnanninini3d@lulu.com,TRUE,Completed,Offline,"Vestibulum ac est lacinia nisi venenatis tristique. Fusce congue, diam id ornare imperdiet, sapien urna pretium nisl, ut volutpat sapien arcu sed augue. Aliquam erat volutpat.",12 Evergreen Point,,New York City,99622,New York,United States
Help a Child,97,EUR,Level 2 Funder,"September 10, 2017 11:21 AM",Robbert,Vreede,,rvreede3e@prweb.com,TRUE,Cancelled,Offline,Etiam vel augue. Vestibulum rutrum rutrum neque. Aenean auctor gravida sem.,6 Raven Road,,Pittsburgh,99623,Pennsylvania,United States
Make a wish Foundation,40,USD,Level 3 Funder,"September 11, 2017 11:21 AM",Sacha,Standingford,,sstandingford3f@hud.gov,TRUE,Pending,Paypal,Pellentesque at nulla. Suspendisse potenti. Cras in purus eu magna vulputate luctus.,82 Melby Hill,,Spokane,99624,Washington,United States
Help a Child,65,EUR,custom,"September 12, 2017 11:21 AM",Johnnie,Bendtsen,,jbendtsen3g@nymag.com,FALSE,Refunded,Offline,"Quisque porta volutpat erat. Quisque erat eros, viverra eget, congue eget, semper rutrum, nulla. Nunc purus.",0042 Carpenter Hill,,Lawrenceville,99625,Georgia,United States
Help a Child,174,EUR,Level 3 Funder,"September 13, 2017 11:21 AM",Alfy,Daldry,WordImpress,adaldry3h@nifty.com,TRUE,Cancelled,Paypal,"Praesent blandit. Nam nulla. Integer pede justo, lacinia eget, tincidunt eget, tempus vel, pede.",053 West Hill,,Bronx,99626,New York,United States
Save the Bees,148,EUR,Level 2 Funder,"September 14, 2017 11:21 AM",Joeann,Wildber,,jwildber3i@ted.com,FALSE,Completed,Stripe,"Duis bibendum, felis sed interdum venenatis, turpis enim blandit mi, in porttitor pede justo eu massa. Donec dapibus. Duis at velit eu est congue elementum.",97380 Ridgeway Circle,,Maple Plain,99627,Minnesota,United States
Salvation Army,178,EUR,Level 1 Funder,"September 15, 2017 11:21 AM",Verney,Spirritt,,vspirritt3j@woothemes.com,FALSE,Refunded,Offline,Integer tincidunt ante vel ipsum. Praesent blandit lacinia erat. Vestibulum sed magna at nunc commodo placerat.,6432 Packers Lane,,Seattle,99628,Washington,United States
Make a wish Foundation,206,USD,Level 3 Funder,"September 16, 2017 11:21 AM",Bettine,Probey,,bprobey3k@un.org,FALSE,Completed,Stripe,"Curabitur in libero ut massa volutpat convallis. Morbi odio odio, elementum eu, interdum eu, tincidunt in, leo. Maecenas pulvinar lobortis est.",8056 Springs Way,,Scottsdale,99629,Arizona,United States
Salvation Army,199,EUR,custom,"September 17, 2017 11:21 AM",Kandace,Cryer,,kcryer3l@microsoft.com,TRUE,Completed,Stripe,"Praesent blandit. Nam nulla. Integer pede justo, lacinia eget, tincidunt eget, tempus vel, pede.",07 Vidon Avenue,,Cincinnati,99630,Ohio,United States
Save the Bees,89,EUR,medium,"September 18, 2017 11:21 AM",Bobby,Bonavia,,bbonavia3m@nps.gov,FALSE,Refunded,Stripe,Suspendisse potenti. In eleifend quam a odio. In hac habitasse platea dictumst.,88239 Mcbride Parkway,,Sacramento,99631,California,United States
Make a wish Foundation,221,USD,custom,"September 19, 2017 11:21 AM",Gideon,Aickin,,gaickin3n@nytimes.com,TRUE,Refunded,Stripe,"Maecenas tristique, est et tempus semper, est quam pharetra magna, ac consequat metus sapien ut nunc. Vestibulum ante ipsum primis in faucibus orci luctus et ultrices posuere cubilia Curae; Mauris viverra diam vitae quam. Suspendisse potenti.",09162 Blue Bill Park Hill,,Columbus,99632,Ohio,United States
Save the Bees,163,EUR,Level 3 Funder,"September 20, 2017 11:21 AM",Charmaine,Hawkin,,chawkin3o@hexun.com,FALSE,Refunded,Paypal,"Quisque porta volutpat erat. Quisque erat eros, viverra eget, congue eget, semper rutrum, nulla. Nunc purus.",88 Pleasure Lane,,Pittsburgh,99633,Pennsylvania,United States
Save the Trees,53,EUR,medium,"September 21, 2017 11:21 AM",Cathryn,Lorrain,CROMA,clorrain3p@vk.com,TRUE,Pending,Offline,Duis bibendum. Morbi non quam nec dui luctus rutrum. Nulla tellus.,75 Memorial Pass,,Carson City,99634,Nevada,United States
Save the Bees,74,EUR,Level 1 Funder,"September 22, 2017 11:21 AM",Wynn,Capel,,wcapel3q@ezinearticles.com,TRUE,Completed,Paypal,"Donec diam neque, vestibulum eget, vulputate ut, ultrices vel, augue. Vestibulum ante ipsum primis in faucibus orci luctus et ultrices posuere cubilia Curae; Donec pharetra, magna vestibulum aliquet ultrices, erat tortor sollicitudin mi, sit amet lobortis sapien sapien non mi. Integer ac neque.",23287 Graedel Lane,,San Rafael,99635,California,United States
Salvation Army,155,EUR,Level 2 Funder,"September 23, 2017 11:21 AM",Cariotta,Norwell,,cnorwell3r@bloglovin.com,TRUE,Completed,Paypal,"Aenean fermentum. Donec ut mauris eget massa tempor convallis. Nulla neque libero, convallis eget, eleifend luctus, ultricies eu, nibh.",429 Arkansas Circle,,Mesa,99636,Arizona,United States
Save the Bees,29,EUR,medium,"September 24, 2017 11:21 AM",Rustin,Eustace,,reustace3s@google.com.br,FALSE,Pending,Offline,"Praesent blandit. Nam nulla. Integer pede justo, lacinia eget, tincidunt eget, tempus vel, pede.",0278 Farragut Street,,Fullerton,99637,California,United States
Save the Trees,100,EUR,custom,"September 25, 2017 11:21 AM",Gian,Burnsall,,gburnsall3t@github.io,FALSE,Completed,Paypal,"Cras mi pede, malesuada in, imperdiet et, commodo vulputate, justo. In blandit ultrices enim. Lorem ipsum dolor sit amet, consectetuer adipiscing elit.",3 Michigan Way,,Washington,99638,District of Columbia,United States
Save the Bees,176,EUR,Level 1 Funder,"September 26, 2017 11:21 AM",Gilberte,Ollie,,gollie3u@virginia.edu,FALSE,Refunded,Paypal,"Praesent blandit. Nam nulla. Integer pede justo, lacinia eget, tincidunt eget, tempus vel, pede.",3368 Golf View Circle,,Silver Spring,99639,Maryland,United States
Save the Trees,49,EUR,Level 3 Funder,"September 27, 2017 11:21 AM",Lonna,MacKintosh,,lmackintosh3v@hexun.com,FALSE,Cancelled,Offline,"Curabitur at ipsum ac tellus semper interdum. Mauris ullamcorper purus sit amet nulla. Quisque arcu libero, rutrum ac, lobortis vel, dapibus at, diam.",47512 Park Meadow Crossing,,Washington,99640,District of Columbia,United States
Make a wish Foundation,84,USD,medium,"September 28, 2017 11:21 AM",Leese,Prattin,,lprattin3w@furl.net,TRUE,Refunded,Paypal,Nulla ut erat id mauris vulputate elementum. Nullam varius. Nulla facilisi.,17432 Westport Lane,,Buffalo,99641,New York,United States
Make a wish Foundation,105,USD,Level 3 Funder,"September 29, 2017 11:21 AM",Constantin,Paten,,cpaten3x@elpais.com,FALSE,Refunded,Paypal,"Praesent blandit. Nam nulla. Integer pede justo, lacinia eget, tincidunt eget, tempus vel, pede.",06195 Declaration Court,,Springfield,99642,Illinois,United States
Help a Child,245,EUR,Level 1 Funder,"September 30, 2017 11:21 AM",Letti,Siggers,,lsiggers3y@networksolutions.com,FALSE,Pending,Offline,,665 Farwell Drive,,Lansing,99643,Michigan,United States
Salvation Army,108,EUR,Level 1 Funder,"October 1, 2017 11:21 AM",Eleonora,Mottley,,emottley3z@reverbnation.com,FALSE,Cancelled,Offline,Praesent id massa id nisl venenatis lacinia. Aenean sit amet justo. Morbi ut odio.,95 Dottie Street,,Waltham,99644,Massachusetts,United States
Save the Bees,126,EUR,Level 2 Funder,"October 2, 2017 11:21 AM",Aurelie,Greenin,WordImpress,agreenin40@amazon.co.jp,FALSE,Cancelled,Paypal,Cras non velit nec nisi vulputate nonummy. Maecenas tincidunt lacus at velit. Vivamus vel nulla eget eros elementum pellentesque.,2292 Ohio Trail,,Washington,99645,District of Columbia,United States
Save the Bees,134,EUR,medium,"October 3, 2017 11:21 AM",Dewie,Servante,,dservante41@tmall.com,FALSE,Completed,Offline,"Maecenas tristique, est et tempus semper, est quam pharetra magna, ac consequat metus sapien ut nunc. Vestibulum ante ipsum primis in faucibus orci luctus et ultrices posuere cubilia Curae; Mauris viverra diam vitae quam. Suspendisse potenti.",8 Old Shore Way,,Birmingham,99646,Alabama,United States
Make a wish Foundation,71,USD,Level 2 Funder,"October 4, 2017 11:21 AM",Adams,Fittall,TATA,afittall42@craigslist.org,TRUE,Pending,Paypal,In congue. Etiam justo. Etiam pretium iaculis justo.,34034 Carioca Way,,Tampa,99647,Florida,United States
Help a Child,100,EUR,medium,"October 5, 2017 11:21 AM",Nina,Lowrey,,nlowrey43@elpais.com,TRUE,Cancelled,Stripe,Fusce consequat. Nulla nisl. Nunc nisl.,3 Morrow Terrace,,Lexington,99648,Kentucky,United States
Salvation Army,159,EUR,Level 1 Funder,"October 6, 2017 11:21 AM",Nicholas,Dabnor,,ndabnor44@soundcloud.com,TRUE,Refunded,Stripe,Fusce consequat. Nulla nisl. Nunc nisl.,364 Esch Road,,Charlotte,99649,North Carolina,United States
Make a wish Foundation,216,USD,Level 1 Funder,"October 7, 2017 11:21 AM",Alasteir,Busse,,abusse45@gnu.org,FALSE,Cancelled,Offline,In hac habitasse platea dictumst. Etiam faucibus cursus urna. Ut tellus.,640 Macpherson Park,,White Plains,99650,New York,United States
Save the Trees,103,EUR,medium,"October 8, 2017 11:21 AM",Gunilla,Doddemeede,,gdoddemeede46@smugmug.com,FALSE,Pending,Offline,"Donec diam neque, vestibulum eget, vulputate ut, ultrices vel, augue. Vestibulum ante ipsum primis in faucibus orci luctus et ultrices posuere cubilia Curae; Donec pharetra, magna vestibulum aliquet ultrices, erat tortor sollicitudin mi, sit amet lobortis sapien sapien non mi. Integer ac neque.",557 Fulton Court,,Bridgeport,99651,Connecticut,United States
Salvation Army,218,EUR,Level 2 Funder,"October 9, 2017 11:21 AM",Ardelle,Boyn,TATA,aboyn47@domainmarket.com,FALSE,Cancelled,Stripe,Duis bibendum. Morbi non quam nec dui luctus rutrum. Nulla tellus.,7937 Scoville Court,,Atlanta,99652,Georgia,United States
Make a wish Foundation,248,USD,Level 2 Funder,"October 10, 2017 11:21 AM",Trish,Daveridge,,tdaveridge48@moonfruit.com,TRUE,Refunded,Stripe,Duis aliquam convallis nunc. Proin at turpis a pede posuere nonummy. Integer non velit.,7 Eastwood Trail,,Las Vegas,99653,Nevada,United States
Make a wish Foundation,159,USD,medium,"October 11, 2017 11:21 AM",Niall,Hathwood,,nhathwood49@msu.edu,TRUE,Pending,Offline,Nullam sit amet turpis elementum ligula vehicula consequat. Morbi a ipsum. Integer a nibh.,1 Derek Crossing,,Chicago,99654,Illinois,United States
Save the Bees,108,EUR,medium,"October 12, 2017 11:21 AM",Ambur,Troak,,atroak4a@bloglovin.com,TRUE,Completed,Offline,,704 Texas Place,,Des Moines,99655,Iowa,United States
Salvation Army,97,EUR,medium,"October 13, 2017 11:21 AM",Arturo,Martins,,amartins4b@pen.io,FALSE,Refunded,Offline,In hac habitasse platea dictumst. Etiam faucibus cursus urna. Ut tellus.,8173 Morningstar Trail,,Detroit,99656,Michigan,United States
Save the Bees,165,EUR,Level 1 Funder,"October 14, 2017 11:21 AM",Brnaby,Starten,BIG BAZAR,bstarten4c@altervista.org,FALSE,Pending,Offline,,26 Holmberg Point,,Fort Worth,99657,Texas,United States
Salvation Army,44,EUR,Level 1 Funder,"October 15, 2017 11:21 AM",Cornela,Hamerton,,chamerton4d@weebly.com,FALSE,Refunded,Stripe,In congue. Etiam justo. Etiam pretium iaculis justo.,49 American Terrace,,Springfield,99658,Illinois,United States
Salvation Army,186,EUR,Level 1 Funder,"October 16, 2017 11:21 AM",Dorisa,Farry,,dfarry4e@japanpost.jp,TRUE,Pending,Paypal,"Curabitur gravida nisi at nibh. In hac habitasse platea dictumst. Aliquam augue quam, sollicitudin vitae, consectetuer eget, rutrum at, lorem.",9 Schurz Crossing,,Miami,99659,Florida,United States
Save the Bees,208,EUR,Level 2 Funder,"October 17, 2017 11:21 AM",Che,Burnhill,,cburnhill4f@1688.com,TRUE,Completed,Paypal,Duis bibendum. Morbi non quam nec dui luctus rutrum. Nulla tellus.,32898 Homewood Pass,,Loretto,99660,Minnesota,United States
Salvation Army,238,EUR,medium,"October 18, 2017 11:21 AM",Dottie,Ferrillo,,dferrillo4g@google.pl,FALSE,Pending,Paypal,,6 Glendale Lane,,Savannah,99661,Georgia,United States
Make a wish Foundation,231,USD,Level 2 Funder,"October 19, 2017 11:21 AM",Dewain,Ewbach,WordImpress,dewbach4h@ucoz.ru,FALSE,Cancelled,Offline,"Quisque id justo sit amet sapien dignissim vestibulum. Vestibulum ante ipsum primis in faucibus orci luctus et ultrices posuere cubilia Curae; Nulla dapibus dolor vel est. Donec odio justo, sollicitudin ut, suscipit a, feugiat et, eros.",33 Declaration Pass,,Charlottesville,99662,Virginia,United States
Save the Trees,179,EUR,custom,"October 20, 2017 11:21 AM",Tirrell,Pailin,,tpailin4i@comsenz.com,FALSE,Cancelled,Stripe,"Mauris enim leo, rhoncus sed, vestibulum sit amet, cursus id, turpis. Integer aliquet, massa id lobortis convallis, tortor risus dapibus augue, vel accumsan tellus nisi eu orci. Mauris lacinia sapien quis libero.",8 Mitchell Street,,Philadelphia,99663,Pennsylvania,United States
Make a wish Foundation,61,USD,Level 3 Funder,"October 21, 2017 11:21 AM",Kamilah,Clinch,,kclinch4j@infoseek.co.jp,TRUE,Cancelled,Paypal,"Praesent blandit. Nam nulla. Integer pede justo, lacinia eget, tincidunt eget, tempus vel, pede.",9 Southridge Plaza,,Canton,99664,Ohio,United States
Save the Trees,208,EUR,custom,"October 22, 2017 11:21 AM",Juliann,Roome,,jroome4k@storify.com,FALSE,Pending,Paypal,Suspendisse potenti. In eleifend quam a odio. In hac habitasse platea dictumst.,27 Mosinee Junction,,Philadelphia,99665,Pennsylvania,United States
Save the Bees,202,EUR,Level 2 Funder,"October 23, 2017 11:21 AM",Carolus,Whittington,,cwhittington4l@spotify.com,FALSE,Refunded,Stripe,"Curabitur at ipsum ac tellus semper interdum. Mauris ullamcorper purus sit amet nulla. Quisque arcu libero, rutrum ac, lobortis vel, dapibus at, diam.",60 Schlimgen Place,,Washington,99666,District of Columbia,United States
Save the Trees,23,EUR,Level 1 Funder,"October 24, 2017 11:21 AM",Virgina,Tonnesen,,vtonnesen4m@theglobeandmail.com,FALSE,Pending,Stripe,"Lorem ipsum dolor sit amet, consectetuer adipiscing elit. Proin risus. Praesent lectus.",97832 Fairview Trail,,Tacoma,99667,Washington,United States
Save the Bees,71,EUR,Level 1 Funder,"October 25, 2017 11:21 AM",Felix,Cuddihy,BIG BAZAR,fcuddihy4n@prlog.org,TRUE,Pending,Stripe,,2 Redwing Hill,,West Palm Beach,99668,Florida,United States
Help a Child,145,EUR,Level 1 Funder,"October 26, 2017 11:21 AM",Bert,Gateley,,bgateley4o@cdc.gov,FALSE,Completed,Stripe,,38202 Carioca Place,,Sacramento,99669,California,United States
Make a wish Foundation,140,USD,medium,"October 27, 2017 11:21 AM",Anatola,Benasik,,abenasik4p@google.com,TRUE,Completed,Paypal,,1 Alpine Lane,,South Bend,99670,Indiana,United States
Save the Trees,122,EUR,custom,"October 28, 2017 11:21 AM",Chadwick,Tolhurst,,ctolhurst4q@rakuten.co.jp,TRUE,Pending,Stripe,"Praesent blandit. Nam nulla. Integer pede justo, lacinia eget, tincidunt eget, tempus vel, pede.",66 Aberg Plaza,,Pueblo,99671,Colorado,United States
Help a Child,79,EUR,custom,"October 29, 2017 11:21 AM",Idell,Bedburrow,,ibedburrow4r@salon.com,FALSE,Completed,Paypal,"Mauris enim leo, rhoncus sed, vestibulum sit amet, cursus id, turpis. Integer aliquet, massa id lobortis convallis, tortor risus dapibus augue, vel accumsan tellus nisi eu orci. Mauris lacinia sapien quis libero.",99859 Crownhardt Court,,Irvine,99672,California,United States
Save the Trees,42,EUR,Level 3 Funder,"October 30, 2017 11:21 AM",Lucienne,Cross,WordImpress,lcross4s@scientificamerican.com,FALSE,Pending,Offline,Etiam vel augue. Vestibulum rutrum rutrum neque. Aenean auctor gravida sem.,5 Dayton Point,,South Bend,99673,Indiana,United States
Save the Bees,225,EUR,medium,"October 31, 2017 11:21 AM",Arch,Ferryn,,aferryn4t@indiatimes.com,TRUE,Cancelled,Paypal,"Cras mi pede, malesuada in, imperdiet et, commodo vulputate, justo. In blandit ultrices enim. Lorem ipsum dolor sit amet, consectetuer adipiscing elit.",8 Annamark Court,,Colorado Springs,99674,Colorado,United States
Save the Bees,245,EUR,custom,"November 1, 2017 11:21 AM",Uriel,Blanchflower,,ublanchflower4u@skyrock.com,TRUE,Cancelled,Paypal,"Proin eu mi. Nulla ac enim. In tempor, turpis nec euismod scelerisque, quam turpis adipiscing lorem, vitae mattis nibh ligula nec sem.",5 Westport Center,,Washington,99675,District of Columbia,United States
Help a Child,191,EUR,Level 3 Funder,"November 2, 2017 11:21 AM",April,Simka,,asimka4v@ftc.gov,TRUE,Refunded,Offline,"Mauris enim leo, rhoncus sed, vestibulum sit amet, cursus id, turpis. Integer aliquet, massa id lobortis convallis, tortor risus dapibus augue, vel accumsan tellus nisi eu orci. Mauris lacinia sapien quis libero.",6436 Chinook Lane,,Fairfax,99676,Virginia,United States
Make a wish Foundation,191,USD,Level 3 Funder,"November 3, 2017 11:21 AM",Vonny,Weiser,BIG BAZAR,vweiser4w@fema.gov,TRUE,Pending,Stripe,Praesent id massa id nisl venenatis lacinia. Aenean sit amet justo. Morbi ut odio.,8 Eagan Terrace,,Montpelier,99677,Vermont,United States
Save the Trees,69,EUR,medium,"November 4, 2017 11:21 AM",Johnathon,Rosendahl,,jrosendahl4x@list-manage.com,FALSE,Refunded,Offline,Sed ante. Vivamus tortor. Duis mattis egestas metus.,2 Arapahoe Trail,,Albuquerque,99678,New Mexico,United States
Help a Child,168,EUR,medium,"November 5, 2017 11:21 AM",Gustav,Gethins,,ggethins4y@ask.com,FALSE,Pending,Paypal,,57779 Anzinger Terrace,,Tampa,99679,Florida,United States
Save the Bees,85,EUR,Level 3 Funder,"November 6, 2017 11:21 AM",Laurene,Drane,,ldrane4z@cisco.com,TRUE,Completed,Offline,,4272 Burning Wood Court,,Birmingham,99680,Alabama,United States
Salvation Army,94,EUR,Level 3 Funder,"November 7, 2017 11:21 AM",Leicester,Milington,BIG BAZAR,lmilington50@squarespace.com,TRUE,Completed,Stripe,Aenean lectus. Pellentesque eget nunc. Donec quis orci eget orci vehicula condimentum.,6249 Clemons Pass,,Houston,99681,Texas,United States
Save the Trees,112,EUR,custom,"November 8, 2017 11:21 AM",Orran,Whyman,,owhyman51@hexun.com,FALSE,Pending,Stripe,"Mauris enim leo, rhoncus sed, vestibulum sit amet, cursus id, turpis. Integer aliquet, massa id lobortis convallis, tortor risus dapibus augue, vel accumsan tellus nisi eu orci. Mauris lacinia sapien quis libero.",8629 Wayridge Center,,Phoenix,99682,Arizona,United States
Save the Trees,170,EUR,medium,"November 9, 2017 11:21 AM",Aubrie,Flynn,,aflynn52@ovh.net,TRUE,Pending,Paypal,Integer ac leo. Pellentesque ultrices mattis odio. Donec vitae nisi.,5624 Grayhawk Street,,Tulsa,99683,Oklahoma,United States
Save the Bees,186,EUR,medium,"November 10, 2017 11:21 AM",Carlynne,Lathleiff,,clathleiff53@networkadvertising.org,FALSE,Refunded,Offline,Aliquam quis turpis eget elit sodales scelerisque. Mauris sit amet eros. Suspendisse accumsan tortor quis turpis.,41 Hoepker Road,,Greensboro,99684,North Carolina,United States
Save the Trees,199,EUR,medium,"November 11, 2017 11:21 AM",Jordana,Jacobovitz,,jjacobovitz54@bravesites.com,FALSE,Refunded,Offline,Etiam vel augue. Vestibulum rutrum rutrum neque. Aenean auctor gravida sem.,448 Upham Point,,Kansas City,99685,Missouri,United States
Help a Child,233,EUR,Level 3 Funder,"November 12, 2017 11:21 AM",Mal,Lyster,,mlyster55@nifty.com,FALSE,Completed,Stripe,"In hac habitasse platea dictumst. Morbi vestibulum, velit id pretium iaculis, diam erat fermentum justo, nec condimentum neque sapien placerat ante. Nulla justo.",6 Hudson Center,,Toledo,99686,Ohio,United States
Salvation Army,144,EUR,Level 2 Funder,"November 13, 2017 11:21 AM",Shurlock,Jakeman,,sjakeman56@ocn.ne.jp,FALSE,Refunded,Stripe,"Sed sagittis. Nam congue, risus semper porta volutpat, quam pede lobortis ligula, sit amet eleifend pede libero quis orci. Nullam molestie nibh in lectus.",42 Graceland Court,,Cambridge,99687,Massachusetts,United States
Save the Bees,191,EUR,custom,"November 14, 2017 11:21 AM",Dehlia,Jakubczyk,,djakubczyk57@flickr.com,FALSE,Cancelled,Stripe,"Proin leo odio, porttitor id, consequat in, consequat ut, nulla. Sed accumsan felis. Ut at dolor quis odio consequat varius.",739 Elka Crossing,,Ann Arbor,99688,Michigan,United States
Help a Child,96,EUR,Level 3 Funder,"November 15, 2017 11:21 AM",Vince,Gleeton,,vgleeton58@cam.ac.uk,FALSE,Cancelled,Offline,,6 Eliot Crossing,,Shawnee Mission,99689,Kansas,United States
Salvation Army,73,EUR,custom,"November 16, 2017 11:21 AM",Mart,Jirick,BIG BAZAR,mjirick59@msn.com,TRUE,Cancelled,Offline,"Morbi porttitor lorem id ligula. Suspendisse ornare consequat lectus. In est risus, auctor sed, tristique in, tempus sit amet, sem.",23 Mcbride Alley,,Honolulu,99690,Hawaii,United States
Help a Child,239,EUR,custom,"November 17, 2017 11:21 AM",Arlinda,Monte,,amonte5a@statcounter.com,TRUE,Refunded,Paypal,"Morbi non lectus. Aliquam sit amet diam in magna bibendum imperdiet. Nullam orci pede, venenatis non, sodales sed, tincidunt eu, felis.",9 Blackbird Crossing,,Metairie,99691,Louisiana,United States
Help a Child,29,EUR,Level 3 Funder,"November 18, 2017 11:21 AM",Clarence,Gerkens,,cgerkens5b@mail.ru,TRUE,Refunded,Offline,,7 Pearson Plaza,,Wilmington,99692,Delaware,United States
Save the Trees,175,EUR,Level 1 Funder,"November 19, 2017 11:21 AM",Mia,Rowbotham,WordImpress,mrowbotham5c@barnesandnoble.com,TRUE,Refunded,Paypal,Phasellus in felis. Donec semper sapien a libero. Nam dui.,073 Mitchell Circle,,Anaheim,99693,California,United States
Save the Bees,226,EUR,Level 1 Funder,"November 20, 2017 11:21 AM",Carry,Easterling,,ceasterling5d@smugmug.com,FALSE,Pending,Paypal,Fusce consequat. Nulla nisl. Nunc nisl.,95 Knutson Alley,,Champaign,99694,Illinois,United States
Save the Bees,26,EUR,Level 3 Funder,"November 21, 2017 11:21 AM",Celestyn,Killingworth,,ckillingworth5e@123-reg.co.uk,TRUE,Cancelled,Paypal,"In sagittis dui vel nisl. Duis ac nibh. Fusce lacus purus, aliquet at, feugiat non, pretium quis, lectus.",24 Green Ridge Park,,Charleston,99695,South Carolina,United States
Help a Child,192,EUR,custom,"November 22, 2017 11:21 AM",Derward,Pearne,,dpearne5f@istockphoto.com,FALSE,Cancelled,Paypal,"Mauris enim leo, rhoncus sed, vestibulum sit amet, cursus id, turpis. Integer aliquet, massa id lobortis convallis, tortor risus dapibus augue, vel accumsan tellus nisi eu orci. Mauris lacinia sapien quis libero.",444 Transport Court,,Kansas City,99696,Missouri,United States
Save the Bees,94,EUR,medium,"November 23, 2017 11:21 AM",Phillida,Stell,,pstell5g@odnoklassniki.ru,FALSE,Pending,Paypal,"Mauris enim leo, rhoncus sed, vestibulum sit amet, cursus id, turpis. Integer aliquet, massa id lobortis convallis, tortor risus dapibus augue, vel accumsan tellus nisi eu orci. Mauris lacinia sapien quis libero.",169 West Pass,,Monticello,99697,Minnesota,United States
Salvation Army,128,EUR,custom,"November 24, 2017 11:21 AM",Darrel,Morcom,,dmorcom5h@xrea.com,TRUE,Cancelled,Paypal,"Aenean fermentum. Donec ut mauris eget massa tempor convallis. Nulla neque libero, convallis eget, eleifend luctus, ultricies eu, nibh.",26827 Eastwood Lane,,Cincinnati,99698,Ohio,United States
Save the Bees,224,EUR,Level 2 Funder,"November 25, 2017 11:21 AM",Tasha,Espie,TATA,tespie5i@surveymonkey.com,TRUE,Cancelled,Offline,"Mauris enim leo, rhoncus sed, vestibulum sit amet, cursus id, turpis. Integer aliquet, massa id lobortis convallis, tortor risus dapibus augue, vel accumsan tellus nisi eu orci. Mauris lacinia sapien quis libero.",5733 Onsgard Terrace,,Columbia,99699,South Carolina,United States
Save the Bees,25,EUR,medium,"November 26, 2017 11:21 AM",Arlie,Onthank,,aonthank5j@cbc.ca,TRUE,Pending,Offline,Suspendisse potenti. In eleifend quam a odio. In hac habitasse platea dictumst.,95 Mcbride Drive,,Amarillo,99700,Texas,United States
Save the Bees,131,EUR,custom,"November 27, 2017 11:21 AM",Alfi,Kenworthey,,akenworthey5k@spiegel.de,FALSE,Cancelled,Paypal,"Curabitur gravida nisi at nibh. In hac habitasse platea dictumst. Aliquam augue quam, sollicitudin vitae, consectetuer eget, rutrum at, lorem.",3691 Vermont Plaza,,Fairfield,99701,Connecticut,United States
Save the Bees,243,EUR,Level 1 Funder,"November 28, 2017 11:21 AM",Bidget,Ardron,BIG BAZAR,bardron5l@mapquest.com,TRUE,Refunded,Stripe,,46 Kings Drive,,Allentown,99702,Pennsylvania,United States
Salvation Army,136,EUR,custom,"November 29, 2017 11:21 AM",Rafaellle,Getsham,,rgetsham5m@tuttocitta.it,TRUE,Completed,Stripe,Etiam vel augue. Vestibulum rutrum rutrum neque. Aenean auctor gravida sem.,99 Monterey Center,,Hialeah,99703,Florida,United States
Save the Trees,173,EUR,Level 3 Funder,"November 30, 2017 11:21 AM",Valdemar,Crate,,vcrate5n@bigcartel.com,TRUE,Refunded,Offline,"Curabitur in libero ut massa volutpat convallis. Morbi odio odio, elementum eu, interdum eu, tincidunt in, leo. Maecenas pulvinar lobortis est.",7199 Hooker Terrace,,Fresno,99704,California,United States
Salvation Army,215,EUR,Level 3 Funder,"December 1, 2017 11:21 AM",Geri,Cowl,,gcowl5o@newsvine.com,FALSE,Cancelled,Offline,"Nam ultrices, libero non mattis pulvinar, nulla pede ullamcorper augue, a suscipit nulla elit ac nulla. Sed vel enim sit amet nunc viverra dapibus. Nulla suscipit ligula in lacus.",79 Old Shore Lane,,Roanoke,99705,Virginia,United States
Save the Bees,209,EUR,Level 3 Funder,"December 2, 2017 11:21 AM",Starlin,Larman,,slarman5p@a8.net,FALSE,Refunded,Offline,Praesent id massa id nisl venenatis lacinia. Aenean sit amet justo. Morbi ut odio.,490 Lillian Park,,Trenton,99706,New Jersey,United States
Save the Trees,21,EUR,Level 2 Funder,"December 3, 2017 11:21 AM",Damien,Cookley,,dcookley5q@unc.edu,TRUE,Completed,Paypal,,69 High Crossing Avenue,,Fort Worth,99707,Texas,United States
Salvation Army,47,EUR,Level 3 Funder,"December 4, 2017 11:21 AM",Bidget,Joffe,WordImpress,bjoffe5r@tmall.com,FALSE,Refunded,Offline,Nullam porttitor lacus at turpis. Donec posuere metus vitae ipsum. Aliquam non mauris.,75 Arrowood Center,,Charlotte,99708,North Carolina,United States
Save the Bees,37,EUR,custom,"December 5, 2017 11:21 AM",Babb,Hearson,,bhearson5s@google.fr,TRUE,Pending,Offline,"Cum sociis natoque penatibus et magnis dis parturient montes, nascetur ridiculus mus. Vivamus vestibulum sagittis sapien. Cum sociis natoque penatibus et magnis dis parturient montes, nascetur ridiculus mus.",638 Del Mar Pass,,Kansas City,99709,Missouri,United States
Save the Trees,124,EUR,medium,"December 6, 2017 11:21 AM",Kerry,Le Marquis,,klemarquis5t@springer.com,TRUE,Cancelled,Paypal,Nulla ut erat id mauris vulputate elementum. Nullam varius. Nulla facilisi.,7 Elmside Circle,,Houston,99710,Texas,United States
Help a Child,122,EUR,Level 1 Funder,"December 7, 2017 11:21 AM",Daniele,Ixer,,dixer5u@archive.org,TRUE,Refunded,Offline,"Praesent blandit. Nam nulla. Integer pede justo, lacinia eget, tincidunt eget, tempus vel, pede.",860 Elka Circle,,Dallas,99711,Texas,United States
Save the Trees,235,EUR,Level 2 Funder,"December 8, 2017 11:21 AM",Damiano,Pettegre,,dpettegre5v@eepurl.com,FALSE,Completed,Stripe,"Proin leo odio, porttitor id, consequat in, consequat ut, nulla. Sed accumsan felis. Ut at dolor quis odio consequat varius.",693 Marquette Parkway,,Gainesville,99712,Florida,United States
Make a wish Foundation,108,USD,medium,"December 9, 2017 11:21 AM",Zelig,Noweak,,znoweak5w@squarespace.com,FALSE,Cancelled,Stripe,In hac habitasse platea dictumst. Etiam faucibus cursus urna. Ut tellus.,9 Eggendart Parkway,,Chesapeake,99713,Virginia,United States
Save the Trees,99,EUR,Level 3 Funder,"December 10, 2017 11:21 AM",Eldridge,Simms,BIG BAZAR,esimms5x@europa.eu,TRUE,Completed,Offline,Praesent id massa id nisl venenatis lacinia. Aenean sit amet justo. Morbi ut odio.,632 Schlimgen Alley,,Canton,99714,Ohio,United States
Help a Child,29,EUR,Level 1 Funder,"December 11, 2017 11:21 AM",Parke,Styles,,pstyles5y@statcounter.com,FALSE,Refunded,Paypal,"Lorem ipsum dolor sit amet, consectetuer adipiscing elit. Proin risus. Praesent lectus.",14170 North Parkway,,Kansas City,99715,Kansas,United States
Salvation Army,234,EUR,custom,"December 12, 2017 11:21 AM",Larry,Clemence,,lclemence5z@army.mil,FALSE,Completed,Offline,"In hac habitasse platea dictumst. Morbi vestibulum, velit id pretium iaculis, diam erat fermentum justo, nec condimentum neque sapien placerat ante. Nulla justo.",39 Sutherland Circle,,Dallas,99716,Texas,United States
Make a wish Foundation,158,USD,Level 2 Funder,"December 13, 2017 11:21 AM",Susann,Lamas,,slamas60@indiatimes.com,TRUE,Cancelled,Stripe,Duis aliquam convallis nunc. Proin at turpis a pede posuere nonummy. Integer non velit.,92515 Blackbird Crossing,,Wilkes Barre,99717,Pennsylvania,United States
Help a Child,182,EUR,Level 3 Funder,"December 14, 2017 11:21 AM",Geoffrey,Hawarden,,ghawarden61@yahoo.co.jp,FALSE,Completed,Paypal,Pellentesque at nulla. Suspendisse potenti. Cras in purus eu magna vulputate luctus.,78291 Mcbride Parkway,,Trenton,99718,New Jersey,United States
Make a wish Foundation,238,USD,custom,"December 15, 2017 11:21 AM",D'arcy,Pursey,,dpursey62@trellian.com,FALSE,Pending,Stripe,Phasellus sit amet erat. Nulla tempus. Vivamus in felis eu sapien cursus vestibulum.,6 Monterey Avenue,,North Hollywood,99719,California,United States
Salvation Army,151,EUR,custom,"December 16, 2017 11:21 AM",Nataniel,Viney,,nviney63@latimes.com,TRUE,Refunded,Stripe,,6 Express Crossing,,Long Beach,99720,California,United States
Make a wish Foundation,160,USD,Level 3 Funder,"December 17, 2017 11:21 AM",Huey,Cecchi,,hcecchi64@barnesandnoble.com,FALSE,Completed,Stripe,,0 Vermont Circle,,Peoria,99721,Illinois,United States
Salvation Army,53,EUR,medium,"December 18, 2017 11:21 AM",Christophorus,Wolfarth,WordImpress,cwolfarth65@tumblr.com,FALSE,Cancelled,Paypal,"Mauris enim leo, rhoncus sed, vestibulum sit amet, cursus id, turpis. Integer aliquet, massa id lobortis convallis, tortor risus dapibus augue, vel accumsan tellus nisi eu orci. Mauris lacinia sapien quis libero.",79 Melvin Pass,,Topeka,99722,Kansas,United States
Make a wish Foundation,142,USD,Level 3 Funder,"December 19, 2017 11:21 AM",Wheeler,Estevez,,westevez66@spiegel.de,TRUE,Pending,Stripe,Integer tincidunt ante vel ipsum. Praesent blandit lacinia erat. Vestibulum sed magna at nunc commodo placerat.,92 Sherman Lane,,Sacramento,99723,California,United States
Salvation Army,188,EUR,Level 2 Funder,"December 20, 2017 11:21 AM",Pasquale,Winnister,,pwinnister67@bigcartel.com,TRUE,Refunded,Offline,"Curabitur at ipsum ac tellus semper interdum. Mauris ullamcorper purus sit amet nulla. Quisque arcu libero, rutrum ac, lobortis vel, dapibus at, diam.",442 Melrose Road,,Brooklyn,99724,New York,United States
Help a Child,89,EUR,medium,"December 21, 2017 11:21 AM",Aubrie,Oldacre,BIG BAZAR,aoldacre68@seesaa.net,FALSE,Pending,Offline,,66 Hoepker Terrace,,Sarasota,99725,Florida,United States
Save the Trees,250,EUR,custom,"December 22, 2017 11:21 AM",Alberik,Winkell,,awinkell69@usa.gov,TRUE,Cancelled,Stripe,"Donec diam neque, vestibulum eget, vulputate ut, ultrices vel, augue. Vestibulum ante ipsum primis in faucibus orci luctus et ultrices posuere cubilia Curae; Donec pharetra, magna vestibulum aliquet ultrices, erat tortor sollicitudin mi, sit amet lobortis sapien sapien non mi. Integer ac neque.",600 Mccormick Alley,,Omaha,99726,Nebraska,United States
Save the Trees,228,EUR,Level 2 Funder,"December 23, 2017 11:21 AM",Donaugh,Pittet,,dpittet6a@ycombinator.com,TRUE,Pending,Offline,Integer ac leo. Pellentesque ultrices mattis odio. Donec vitae nisi.,78183 Riverside Park,,Young America,99727,Minnesota,United States
Save the Bees,30,EUR,custom,"December 24, 2017 11:21 AM",Emmet,Jansen,,ejansen6b@wsj.com,FALSE,Completed,Paypal,"Morbi non lectus. Aliquam sit amet diam in magna bibendum imperdiet. Nullam orci pede, venenatis non, sodales sed, tincidunt eu, felis.",0771 Anthes Trail,,Raleigh,99728,North Carolina,United States
Save the Bees,230,EUR,Level 3 Funder,"December 25, 2017 11:21 AM",Dania,Trimme,BIG BAZAR,dtrimme6c@technorati.com,TRUE,Pending,Stripe,In congue. Etiam justo. Etiam pretium iaculis justo.,43732 Vernon Pass,,Peoria,99729,Arizona,United States
Save the Trees,57,EUR,custom,"December 26, 2017 11:21 AM",Frazer,Viccary,,fviccary6d@baidu.com,TRUE,Completed,Paypal,Duis consequat dui nec nisi volutpat eleifend. Donec ut dolor. Morbi vel lectus in quam fringilla rhoncus.,0 Everett Road,,Washington,99730,District of Columbia,United States
Help a Child,37,EUR,Level 2 Funder,"December 27, 2017 11:21 AM",Demetre,Sambedge,,dsambedge6e@comcast.net,FALSE,Refunded,Stripe,Suspendisse potenti. In eleifend quam a odio. In hac habitasse platea dictumst.,5 Ridgeway Pass,,Miami,99731,Florida,United States
Save the Trees,33,EUR,custom,"December 28, 2017 11:21 AM",Adi,Scantleberry,,ascantleberry6f@techcrunch.com,TRUE,Cancelled,Stripe,"Curabitur gravida nisi at nibh. In hac habitasse platea dictumst. Aliquam augue quam, sollicitudin vitae, consectetuer eget, rutrum at, lorem.",46696 Merchant Crossing,,Philadelphia,99732,Pennsylvania,United States
Save the Bees,99,EUR,medium,"December 29, 2017 11:21 AM",Mufinella,Langeren,,mlangeren6g@taobao.com,FALSE,Completed,Offline,"Sed sagittis. Nam congue, risus semper porta volutpat, quam pede lobortis ligula, sit amet eleifend pede libero quis orci. Nullam molestie nibh in lectus.",3746 Macpherson Road,,El Paso,99733,Texas,United States
Save the Bees,216,EUR,Level 2 Funder,"December 30, 2017 11:21 AM",Arlette,Handes,,ahandes6h@google.com.hk,FALSE,Completed,Paypal,Duis bibendum. Morbi non quam nec dui luctus rutrum. Nulla tellus.,221 Clove Pass,,Metairie,99734,Louisiana,United States
Make a wish Foundation,151,USD,medium,"December 31, 2017 11:21 AM",Tyson,Biggerstaff,,tbiggerstaff6i@fotki.com,FALSE,Refunded,Stripe,Aliquam quis turpis eget elit sodales scelerisque. Mauris sit amet eros. Suspendisse accumsan tortor quis turpis.,36717 Huxley Circle,,Fresno,99735,California,United States
Save the Bees,191,EUR,Level 3 Funder,"January 1, 2018 11:21 AM",Alanna,Josilevich,GiveWP,ajosilevich6j@go.com,TRUE,Completed,Offline,"Curabitur gravida nisi at nibh. In hac habitasse platea dictumst. Aliquam augue quam, sollicitudin vitae, consectetuer eget, rutrum at, lorem.",8126 Aberg Point,,Fort Wayne,99736,Indiana,United States
Save the Trees,66,EUR,custom,"January 2, 2018 11:21 AM",Sonny,Minucci,,sminucci6k@opera.com,TRUE,Pending,Paypal,Nullam porttitor lacus at turpis. Donec posuere metus vitae ipsum. Aliquam non mauris.,54442 Cordelia Point,,Houston,99737,Texas,United States
Help a Child,88,EUR,Level 1 Funder,"January 3, 2018 11:21 AM",Larisa,Wickie,,lwickie6l@newsvine.com,FALSE,Completed,Stripe,,0 Monica Road,,West Palm Beach,99738,Florida,United States
Save the Bees,62,EUR,custom,"January 4, 2018 11:21 AM",Rosanna,Folliss,,rfolliss6m@businessinsider.com,TRUE,Refunded,Stripe,"Curabitur at ipsum ac tellus semper interdum. Mauris ullamcorper purus sit amet nulla. Quisque arcu libero, rutrum ac, lobortis vel, dapibus at, diam.",36149 Petterle Parkway,,Myrtle Beach,99739,South Carolina,United States
Save the Trees,138,EUR,Level 1 Funder,"January 5, 2018 11:21 AM",Ahmad,Yosifov,BIG BAZAR,ayosifov6n@youtu.be,TRUE,Cancelled,Stripe,Cras non velit nec nisi vulputate nonummy. Maecenas tincidunt lacus at velit. Vivamus vel nulla eget eros elementum pellentesque.,22447 Westend Parkway,,Manchester,99740,New Hampshire,United States
Make a wish Foundation,208,USD,medium,"January 6, 2018 11:21 AM",Melisandra,Dantesia,,mdantesia6o@histats.com,FALSE,Completed,Stripe,Praesent id massa id nisl venenatis lacinia. Aenean sit amet justo. Morbi ut odio.,4764 Shopko Plaza,,Fresno,99741,California,United States
Help a Child,248,EUR,Level 1 Funder,"January 7, 2018 11:21 AM",George,Hedau,,ghedau6p@bloglovin.com,FALSE,Refunded,Paypal,,63173 Eggendart Point,,Dayton,99742,Ohio,United States
Salvation Army,129,EUR,medium,"January 8, 2018 11:21 AM",Tris,Edmenson,,tedmenson6q@chron.com,FALSE,Cancelled,Stripe,Nullam porttitor lacus at turpis. Donec posuere metus vitae ipsum. Aliquam non mauris.,8586 Thackeray Way,,Fort Myers,99743,Florida,United States
Salvation Army,152,EUR,custom,"January 9, 2018 11:21 AM",Rayshell,Baseggio,,rbaseggio6r@baidu.com,FALSE,Completed,Stripe,Aenean lectus. Pellentesque eget nunc. Donec quis orci eget orci vehicula condimentum.,9 Gerald Parkway,,Sacramento,99744,California,United States
Help a Child,119,EUR,Level 3 Funder,"January 10, 2018 11:21 AM",Milt,Hugnin,,mhugnin6s@tumblr.com,FALSE,Pending,Stripe,"Curabitur gravida nisi at nibh. In hac habitasse platea dictumst. Aliquam augue quam, sollicitudin vitae, consectetuer eget, rutrum at, lorem.",181 Washington Street,,Houston,99745,Texas,United States
Make a wish Foundation,221,USD,Level 3 Funder,"January 11, 2018 11:21 AM",Nial,Clashe,TATA,nclashe6t@techcrunch.com,FALSE,Refunded,Offline,"In sagittis dui vel nisl. Duis ac nibh. Fusce lacus purus, aliquet at, feugiat non, pretium quis, lectus.",45259 Debra Hill,,Miami,99746,Florida,United States
Salvation Army,21,EUR,custom,"January 12, 2018 11:21 AM",Ozzy,Markushkin,,omarkushkin6u@istockphoto.com,TRUE,Completed,Paypal,Aliquam quis turpis eget elit sodales scelerisque. Mauris sit amet eros. Suspendisse accumsan tortor quis turpis.,3 Bartelt Center,,San Antonio,99747,Texas,United States
Save the Trees,33,EUR,Level 2 Funder,"January 13, 2018 11:21 AM",Rhett,Taree,GiveWP,rtaree6v@usgs.gov,TRUE,Pending,Paypal,"Donec diam neque, vestibulum eget, vulputate ut, ultrices vel, augue. Vestibulum ante ipsum primis in faucibus orci luctus et ultrices posuere cubilia Curae; Donec pharetra, magna vestibulum aliquet ultrices, erat tortor sollicitudin mi, sit amet lobortis sapien sapien non mi. Integer ac neque.",3 Surrey Center,,Fort Wayne,99748,Indiana,United States
Salvation Army,60,EUR,Level 1 Funder,"January 14, 2018 11:21 AM",Moshe,Elfleet,,melfleet6w@prnewswire.com,TRUE,Cancelled,Paypal,"Aenean fermentum. Donec ut mauris eget massa tempor convallis. Nulla neque libero, convallis eget, eleifend luctus, ultricies eu, nibh.",0818 7th Hill,,Boulder,99749,Colorado,United States
Salvation Army,246,EUR,custom,"January 15, 2018 11:21 AM",Patrick,Colerick,,pcolerick6x@github.com,TRUE,Completed,Paypal,,5020 Milwaukee Lane,,El Paso,99750,Texas,United States
Make a wish Foundation,155,USD,custom,"January 16, 2018 11:21 AM",Amitie,Clementson,,aclementson6y@gnu.org,FALSE,Refunded,Offline,"Curabitur gravida nisi at nibh. In hac habitasse platea dictumst. Aliquam augue quam, sollicitudin vitae, consectetuer eget, rutrum at, lorem.",70900 Donald Trail,,Greenville,99751,South Carolina,United States
Help a Child,207,EUR,Level 2 Funder,"January 17, 2018 11:21 AM",Shaylynn,Lubeck,,slubeck6z@unblog.fr,FALSE,Pending,Offline,"Nam ultrices, libero non mattis pulvinar, nulla pede ullamcorper augue, a suscipit nulla elit ac nulla. Sed vel enim sit amet nunc viverra dapibus. Nulla suscipit ligula in lacus.",5758 Logan Place,,Wichita,99752,Kansas,United States
Save the Bees,60,EUR,Level 1 Funder,"January 18, 2018 11:21 AM",Allis,Germann,,agermann70@jalbum.net,TRUE,Completed,Offline,Nullam sit amet turpis elementum ligula vehicula consequat. Morbi a ipsum. Integer a nibh.,800 Atwood Street,,Clearwater,99753,Florida,United States
Save the Bees,245,EUR,Level 1 Funder,"January 19, 2018 11:21 AM",Rae,Duchatel,,rduchatel71@skype.com,FALSE,Cancelled,Paypal,Maecenas ut massa quis augue luctus tincidunt. Nulla mollis molestie lorem. Quisque ut erat.,95832 Oak Valley Way,,Madison,99754,Wisconsin,United States
Make a wish Foundation,198,USD,Level 1 Funder,"January 20, 2018 11:21 AM",Analiese,MacCarrane,BIG BAZAR,amaccarrane72@netvibes.com,TRUE,Completed,Offline,Pellentesque at nulla. Suspendisse potenti. Cras in purus eu magna vulputate luctus.,2658 Derek Place,,Fort Wayne,99755,Indiana,United States
Save the Bees,153,EUR,Level 1 Funder,"January 21, 2018 11:21 AM",John,Catterall,,jcatterall73@imageshack.us,FALSE,Cancelled,Paypal,"Nam ultrices, libero non mattis pulvinar, nulla pede ullamcorper augue, a suscipit nulla elit ac nulla. Sed vel enim sit amet nunc viverra dapibus. Nulla suscipit ligula in lacus.",09772 Gina Hill,,New York City,99756,New York,United States
Make a wish Foundation,101,USD,Level 2 Funder,"January 22, 2018 11:21 AM",Tessie,O'Rudden,,torudden74@sourceforge.net,FALSE,Cancelled,Paypal,Phasellus sit amet erat. Nulla tempus. Vivamus in felis eu sapien cursus vestibulum.,31 Ronald Regan Point,,Saint Paul,99757,Minnesota,United States
Salvation Army,173,EUR,custom,"January 23, 2018 11:21 AM",Matthaeus,Downing,,mdowning75@unblog.fr,FALSE,Refunded,Stripe,,3 Autumn Leaf Street,,Las Vegas,99758,Nevada,United States
Salvation Army,217,EUR,Level 3 Funder,"January 24, 2018 11:21 AM",Eartha,Joffe,,ejoffe76@cbslocal.com,TRUE,Pending,Stripe,,626 Lotheville Place,,Wilmington,99759,Delaware,United States
Save the Bees,223,EUR,Level 3 Funder,"January 25, 2018 11:21 AM",Byrann,Rickis,,brickis77@themeforest.net,FALSE,Completed,Stripe,,6211 Del Mar Park,,Richmond,99760,Virginia,United States
Help a Child,199,EUR,medium,"January 26, 2018 11:21 AM",Remus,Elizabeth,,relizabeth78@telegraph.co.uk,FALSE,Pending,Offline,,892 Glendale Place,,El Paso,99761,Texas,United States
Help a Child,106,EUR,custom,"January 27, 2018 11:21 AM",Maura,Spatig,,mspatig79@phoca.cz,FALSE,Pending,Paypal,,919 Commercial Center,,Glendale,99762,Arizona,United States
Save the Trees,220,EUR,Level 2 Funder,"January 28, 2018 11:21 AM",Lanie,Alejandri,,lalejandri7a@geocities.jp,FALSE,Cancelled,Stripe,,07254 Parkside Way,,Washington,99763,District of Columbia,United States
Help a Child,75,EUR,medium,"January 29, 2018 11:21 AM",Merrilee,Ginnelly,BIG BAZAR,mginnelly7b@xrea.com,FALSE,Cancelled,Offline,,59575 Rutledge Road,,Milwaukee,99764,Wisconsin,United States
Make a wish Foundation,222,USD,Level 2 Funder,"January 30, 2018 11:21 AM",Ernaline,Bannerman,,ebannerman7c@cnn.com,FALSE,Completed,Offline,,729 West Junction,,Tacoma,99765,Washington,United States
Save the Trees,114,EUR,medium,"January 31, 2018 11:21 AM",Florette,Gretton,,fgretton7d@pinterest.com,TRUE,Completed,Stripe,,4 Little Fleur Court,,Miami,99766,Florida,United States
Save the Trees,129,EUR,Level 2 Funder,"February 1, 2018 11:21 AM",Jacky,Chable,,jchable7e@google.nl,FALSE,Refunded,Offline,,8130 Prentice Crossing,,North Las Vegas,99767,Nevada,United States
Save the Trees,140,EUR,Level 3 Funder,"February 2, 2018 11:21 AM",Tye,Eldritt,TATA,teldritt7f@ow.ly,FALSE,Pending,Offline,,04 Stoughton Terrace,,Raleigh,99768,North Carolina,United States
Make a wish Foundation,175,USD,Level 3 Funder,"February 3, 2018 11:21 AM",Shurwood,Rotte,,srotte7g@netscape.com,FALSE,Completed,Stripe,,4 Farmco Drive,,Cincinnati,99769,Ohio,United States
Salvation Army,51,EUR,Level 3 Funder,"February 4, 2018 11:21 AM",Nero,Dakhno,,ndakhno7h@cam.ac.uk,FALSE,Completed,Stripe,Phasellus in felis. Donec semper sapien a libero. Nam dui.,1000 Michigan Place,,Palmdale,99770,California,United States
Help a Child,78,EUR,Level 1 Funder,"February 5, 2018 11:21 AM",Bret,Jarrell,,bjarrell7i@google.com.br,FALSE,Refunded,Paypal,Cras non velit nec nisi vulputate nonummy. Maecenas tincidunt lacus at velit. Vivamus vel nulla eget eros elementum pellentesque.,9 Lindbergh Hill,,Topeka,99771,Kansas,United States
Save the Trees,208,EUR,Level 2 Funder,"February 6, 2018 11:21 AM",Ania,Fishbourn,,afishbourn7j@yahoo.com,TRUE,Refunded,Paypal,"Donec diam neque, vestibulum eget, vulputate ut, ultrices vel, augue. Vestibulum ante ipsum primis in faucibus orci luctus et ultrices posuere cubilia Curae; Donec pharetra, magna vestibulum aliquet ultrices, erat tortor sollicitudin mi, sit amet lobortis sapien sapien non mi. Integer ac neque.",591 Di Loreto Center,,Washington,99772,District of Columbia,United States
Help a Child,172,EUR,Level 3 Funder,"February 7, 2018 11:21 AM",Fredrika,Ekell,,fekell7k@arizona.edu,TRUE,Completed,Stripe,Nullam sit amet turpis elementum ligula vehicula consequat. Morbi a ipsum. Integer a nibh.,954 West Point,,Conroe,99773,Texas,United States
Help a Child,233,EUR,custom,"February 8, 2018 11:21 AM",Arabelle,Toun,TATA,atoun7l@icq.com,TRUE,Pending,Stripe,Aenean lectus. Pellentesque eget nunc. Donec quis orci eget orci vehicula condimentum.,5207 Sugar Circle,,Dallas,99774,Texas,United States
Make a wish Foundation,30,USD,custom,"February 9, 2018 11:21 AM",Clarisse,Ellif,,cellif7m@nps.gov,FALSE,Cancelled,Paypal,"Curabitur in libero ut massa volutpat convallis. Morbi odio odio, elementum eu, interdum eu, tincidunt in, leo. Maecenas pulvinar lobortis est.",2475 Oriole Hill,,Washington,99775,District of Columbia,United States
Save the Trees,63,EUR,Level 3 Funder,"February 10, 2018 11:21 AM",Gery,Safell,,gsafell7n@drupal.org,FALSE,Refunded,Paypal,Duis aliquam convallis nunc. Proin at turpis a pede posuere nonummy. Integer non velit.,2 Bobwhite Way,,Greensboro,99776,North Carolina,United States
Help a Child,240,EUR,medium,"February 11, 2018 11:21 AM",Owen,Jeandet,,ojeandet7o@furl.net,FALSE,Cancelled,Paypal,"Nam ultrices, libero non mattis pulvinar, nulla pede ullamcorper augue, a suscipit nulla elit ac nulla. Sed vel enim sit amet nunc viverra dapibus. Nulla suscipit ligula in lacus.",22 Montana Street,,Chattanooga,99777,Tennessee,United States
Save the Bees,83,EUR,Level 3 Funder,"February 12, 2018 11:21 AM",Julita,Donaher,,jdonaher7p@ycombinator.com,FALSE,Completed,Stripe,Aliquam quis turpis eget elit sodales scelerisque. Mauris sit amet eros. Suspendisse accumsan tortor quis turpis.,95780 Melody Terrace,,Phoenix,99778,Arizona,United States
Save the Trees,57,EUR,Level 1 Funder,"February 13, 2018 11:21 AM",Cati,Neesham,BIG BAZAR,cneesham7q@studiopress.com,FALSE,Refunded,Stripe,Sed ante. Vivamus tortor. Duis mattis egestas metus.,35 Stoughton Plaza,,San Diego,99779,California,United States
Make a wish Foundation,108,USD,medium,"February 14, 2018 11:21 AM",Gabbie,Channon,,gchannon7r@freewebs.com,TRUE,Refunded,Paypal,"Aenean fermentum. Donec ut mauris eget massa tempor convallis. Nulla neque libero, convallis eget, eleifend luctus, ultricies eu, nibh.",2 Hazelcrest Lane,,Port Washington,99780,New York,United States
Save the Bees,27,EUR,Level 1 Funder,"February 15, 2018 11:21 AM",Maddalena,Higgonet,,mhiggonet7s@squidoo.com,FALSE,Completed,Offline,Duis consequat dui nec nisi volutpat eleifend. Donec ut dolor. Morbi vel lectus in quam fringilla rhoncus.,9272 Graedel Plaza,,Columbus,99781,Ohio,United States
Salvation Army,63,EUR,Level 1 Funder,"February 16, 2018 11:21 AM",Les,Leddie,,lleddie7t@zdnet.com,TRUE,Cancelled,Stripe,"Cras mi pede, malesuada in, imperdiet et, commodo vulputate, justo. In blandit ultrices enim. Lorem ipsum dolor sit amet, consectetuer adipiscing elit.",740 Elka Road,,Frederick,99782,Maryland,United States
Save the Bees,183,EUR,Level 1 Funder,"February 17, 2018 11:21 AM",Elna,Mountford,GiveWP,emountford7u@comsenz.com,TRUE,Cancelled,Offline,"Morbi porttitor lorem id ligula. Suspendisse ornare consequat lectus. In est risus, auctor sed, tristique in, tempus sit amet, sem.",196 7th Terrace,,New Orleans,99783,Louisiana,United States
Save the Bees,206,EUR,Level 2 Funder,"February 18, 2018 11:21 AM",Fabiano,Norwood,,fnorwood7v@acquirethisname.com,FALSE,Completed,Paypal,,4 Thompson Junction,,Hattiesburg,99784,Mississippi,United States
Help a Child,232,EUR,Level 1 Funder,"February 19, 2018 11:21 AM",Yuma,Iveans,,yiveans7w@spotify.com,FALSE,Refunded,Offline,"Proin interdum mauris non ligula pellentesque ultrices. Phasellus id sapien in sapien iaculis congue. Vivamus metus arcu, adipiscing molestie, hendrerit at, vulputate vitae, nisl.",3 Steensland Alley,,Fresno,99785,California,United States
Help a Child,92,EUR,custom,"February 20, 2018 11:21 AM",Giraldo,Aberhart,,gaberhart7x@bloglovin.com,FALSE,Refunded,Stripe,Integer ac leo. Pellentesque ultrices mattis odio. Donec vitae nisi.,550 Arapahoe Point,,Atlanta,99786,Georgia,United States
Help a Child,88,EUR,Level 1 Funder,"February 21, 2018 11:21 AM",Lonee,Stickens,,lstickens7y@yale.edu,TRUE,Completed,Stripe,Suspendisse potenti. In eleifend quam a odio. In hac habitasse platea dictumst.,9 Heffernan Center,,Waco,99787,Texas,United States
Make a wish Foundation,31,USD,Level 2 Funder,"February 22, 2018 11:21 AM",Yorke,Braddon,,ybraddon7z@nps.gov,TRUE,Pending,Stripe,Aenean lectus. Pellentesque eget nunc. Donec quis orci eget orci vehicula condimentum.,91614 Carberry Junction,,Lexington,99788,Kentucky,United States
Make a wish Foundation,125,USD,custom,"February 23, 2018 11:21 AM",Alfreda,Prevett,TATA,aprevett80@homestead.com,TRUE,Refunded,Stripe,"Curabitur gravida nisi at nibh. In hac habitasse platea dictumst. Aliquam augue quam, sollicitudin vitae, consectetuer eget, rutrum at, lorem.",09645 Mcguire Avenue,,Evansville,99789,Indiana,United States
Save the Trees,187,EUR,custom,"February 24, 2018 11:21 AM",Teressa,Corrado,,tcorrado81@lycos.com,FALSE,Cancelled,Paypal,,52399 Fallview Alley,,San Francisco,99790,California,United States
Make a wish Foundation,223,USD,Level 2 Funder,"February 25, 2018 11:21 AM",Barrie,Hartop,BIG BAZAR,bhartop82@goo.ne.jp,TRUE,Refunded,Paypal,In hac habitasse platea dictumst. Etiam faucibus cursus urna. Ut tellus.,1889 Sutherland Hill,,Austin,99791,Texas,United States
Make a wish Foundation,103,USD,medium,"February 26, 2018 11:21 AM",Dunn,Layman,,dlayman83@phoca.cz,FALSE,Cancelled,Offline,"Proin eu mi. Nulla ac enim. In tempor, turpis nec euismod scelerisque, quam turpis adipiscing lorem, vitae mattis nibh ligula nec sem.",1 Raven Pass,,Aurora,99792,Illinois,United States
Help a Child,145,EUR,Level 2 Funder,"February 27, 2018 11:21 AM",Flint,Cruikshanks,,fcruikshanks84@unesco.org,TRUE,Completed,Offline,Integer ac leo. Pellentesque ultrices mattis odio. Donec vitae nisi.,84 Bultman Plaza,,Buffalo,99793,New York,United States
Make a wish Foundation,58,USD,medium,"February 28, 2018 11:21 AM",Loraine,Swettenham,,lswettenham85@opera.com,TRUE,Pending,Paypal,"Mauris enim leo, rhoncus sed, vestibulum sit amet, cursus id, turpis. Integer aliquet, massa id lobortis convallis, tortor risus dapibus augue, vel accumsan tellus nisi eu orci. Mauris lacinia sapien quis libero.",0 Division Road,,Oklahoma City,99794,Oklahoma,United States
Help a Child,33,EUR,Level 2 Funder,"March 1, 2018 11:21 AM",Sheridan,Frowd,,sfrowd86@usgs.gov,FALSE,Completed,Stripe,"In hac habitasse platea dictumst. Morbi vestibulum, velit id pretium iaculis, diam erat fermentum justo, nec condimentum neque sapien placerat ante. Nulla justo.",0009 Prentice Place,,Washington,99795,District of Columbia,United States
Salvation Army,41,EUR,medium,"March 2, 2018 11:21 AM",Philippine,Ferraraccio,GiveWP,pferraraccio87@dailymail.co.uk,TRUE,Refunded,Stripe,,72891 Forest Circle,,Charleston,99796,West Virginia,United States
Save the Bees,147,EUR,custom,"March 3, 2018 11:21 AM",Rosalyn,Huffy,,rhuffy88@furl.net,TRUE,Pending,Stripe,"Nam ultrices, libero non mattis pulvinar, nulla pede ullamcorper augue, a suscipit nulla elit ac nulla. Sed vel enim sit amet nunc viverra dapibus. Nulla suscipit ligula in lacus.",42130 Bay Trail,,Columbus,99797,Ohio,United States
Save the Bees,139,EUR,medium,"March 4, 2018 11:21 AM",Fin,Culmer,,fculmer89@baidu.com,FALSE,Cancelled,Stripe,"Sed sagittis. Nam congue, risus semper porta volutpat, quam pede lobortis ligula, sit amet eleifend pede libero quis orci. Nullam molestie nibh in lectus.",74298 Messerschmidt Court,,Brooksville,99798,Florida,United States
Help a Child,113,EUR,medium,"March 5, 2018 11:21 AM",Hewitt,Flips,,hflips8a@hc360.com,FALSE,Refunded,Offline,Duis consequat dui nec nisi volutpat eleifend. Donec ut dolor. Morbi vel lectus in quam fringilla rhoncus.,1539 Rowland Hill,,Greensboro,99799,North Carolina,United States
Save the Trees,225,EUR,custom,"March 6, 2018 11:21 AM",Codee,Grimsdith,,cgrimsdith8b@cdc.gov,TRUE,Cancelled,Paypal,,07377 Oneill Way,,Baton Rouge,99800,Louisiana,United States